critic_rating,is_action,is_exclusive_to_us,is_portable,is_role_playing,is_sequel,is_sports,suitable_for_kids,total_earnings
0.4999999999999999,1.0,0.0,1.0,0.0,1.0,0.0,0.0,0.3747139609249367
0.8333333333333334,0.0,0.0,0.0,0.0,1.0,1.0,0.0,0.19242527864549636
0.33333333333333337,0.0,0.0,0.0,0.0,1.0,1.0,0.0,0.11485185116726125
0.8333333333333334,1.0,0.0,0.0,0.0,0.0,0.0,1.0,0.14245208036820023
0.6666666666666666,1.0,0.0,1.0,0.0,1.0,0.0,1.0,0.4806824273118796
0.6666666666666666,0.0,0.0,0.0,1.0,1.0,0.0,0.0,0.13972015304707863
0.0,1.0,0.0,0.0,0.0,1.0,0.0,0.0,0.11338792258923126
0.8333333333333334,0.0,0.0,1.0,1.0,1.0,0.0,1.0,0.44906748488937354
0.4999999999999999,0.0,0.0,1.0,0.0,0.0,1.0,0.0,0.06127428328496702
0.16666666666666663,1.0,0.0,0.0,0.0,1.0,0.0,0.0,0.20668009833459638
0.8333333333333334,1.0,0.0,1.0,0.0,1.0,0.0,0.0,0.4777545701558197
0.4999999999999999,0.0,0.0,0.0,1.0,0.0,0.0,0.0,0.13232657437015954
0.4999999999999999,0.0,0.0,0.0,1.0,1.0,0.0,0.0,0.17925361823256503
0.6666666666666666,0.0,0.0,0.0,1.0,0.0,0.0,0.0,0.16335742407718895
0.4999999999999999,0.0,0.0,0.0,1.0,1.0,0.0,0.0,0.23946692297739414
0.6666666666666666,0.0,0.0,0.0,1.0,1.0,0.0,1.0,0.31206816879540117
0.4999999999999999,1.0,0.0,0.0,0.0,1.0,0.0,0.0,0.2285281233248923
0.33333333333333337,1.0,0.0,0.0,0.0,1.0,0.0,1.0,0.29274505092327313
0.16666666666666663,1.0,1.0,0.0,0.0,1.0,0.0,0.0,0.3480564130053049
0.9999999999999999,1.0,0.0,0.0,0.0,1.0,0.0,0.0,0.42799208887081575
0.6666666666666666,0.0,0.0,0.0,0.0,1.0,1.0,0.0,0.2248313339864328
0.8333333333333334,0.0,0.0,0.0,0.0,0.0,1.0,1.0,0.1280235115801926
0.16666666666666663,0.0,1.0,0.0,1.0,1.0,0.0,1.0,0.40164507125561455
0.6666666666666666,1.0,0.0,0.0,0.0,1.0,0.0,1.0,0.2963420269495943
0.8333333333333334,1.0,0.0,0.0,0.0,1.0,0.0,1.0,0.2486090830114046
0.8333333333333334,0.0,0.0,0.0,0.0,1.0,1.0,1.0,0.28923310105173655
0.0,0.0,0.0,0.0,1.0,1.0,0.0,1.0,0.06283432838579693
0.4999999999999999,1.0,0.0,1.0,0.0,1.0,0.0,0.0,0.29536607456424097
0.4999999999999999,0.0,0.0,0.0,1.0,1.0,0.0,1.0,0.2693258904641319
0.0,1.0,0.0,1.0,0.0,0.0,0.0,1.0,0.10460804791038984
0.4999999999999999,1.0,1.0,0.0,0.0,1.0,0.0,0.0,0.4651485185116726
0.8333333333333334,0.0,0.0,0.0,0.0,1.0,1.0,1.0,0.28864900833625995
0.8333333333333334,1.0,0.0,0.0,0.0,0.0,0.0,0.0,0.17730171346185836
0.4999999999999999,0.0,0.0,0.0,0.0,1.0,1.0,0.0,0.19321639156392673
0.33333333333333337,1.0,0.0,0.0,0.0,1.0,0.0,0.0,0.2488345871610506
0.33333333333333337,0.0,1.0,0.0,1.0,1.0,0.0,0.0,0.4174525424668676
0.6666666666666666,0.0,0.0,0.0,1.0,1.0,0.0,0.0,0.2734256298404835
0.4999999999999999,1.0,1.0,0.0,0.0,1.0,0.0,0.0,0.5790429012402728
0.4999999999999999,1.0,0.0,0.0,0.0,1.0,0.0,0.0,0.2986007652353931
0.0,0.0,0.0,1.0,1.0,1.0,0.0,0.0,0.1774089203526737
0.6666666666666666,0.0,0.0,0.0,1.0,1.0,0.0,0.0,0.20852479621448772
0.0,0.0,0.0,1.0,0.0,0.0,1.0,1.0,0.013659636605608025
0.6666666666666666,0.0,0.0,0.0,0.0,1.0,1.0,1.0,0.25469030147317057
0.9999999999999999,0.0,0.0,0.0,0.0,1.0,1.0,0.0,0.28747712611596826
0.0,1.0,1.0,1.0,0.0,1.0,0.0,0.0,0.45726326685273844
0.6666666666666666,1.0,0.0,0.0,0.0,0.0,0.0,1.0,0.12294042623981073
0.8333333333333334,1.0,1.0,0.0,0.0,1.0,0.0,0.0,0.43984769227925546
0.4999999999999999,0.0,1.0,1.0,0.0,1.0,1.0,0.0,0.5064453522116042
0.16666666666666663,1.0,0.0,0.0,0.0,1.0,0.0,1.0,0.24063880519768582
0.6666666666666666,0.0,0.0,0.0,1.0,0.0,0.0,0.0,0.16276963457237387
0.6666666666666666,0.0,0.0,0.0,1.0,1.0,0.0,0.0,0.2710818653999002
0.6666666666666666,0.0,0.0,0.0,1.0,1.0,0.0,0.0,0.14089203526737026
0.8333333333333334,1.0,1.0,0.0,0.0,1.0,0.0,0.0,0.7353653352063733
0.8333333333333334,0.0,0.0,0.0,0.0,1.0,1.0,0.0,0.2535184192528789
0.8333333333333334,1.0,0.0,0.0,0.0,0.0,0.0,0.0,0.2418106874179775
0.6666666666666666,0.0,0.0,1.0,1.0,1.0,0.0,0.0,0.34426720393338384
0.6666666666666666,0.0,0.0,0.0,1.0,0.0,0.0,0.0,0.15984177741631395
0.6666666666666666,1.0,0.0,1.0,0.0,1.0,0.0,0.0,0.2474408975804514
0.8333333333333334,1.0,0.0,1.0,0.0,1.0,0.0,1.0,0.3235430029019796
0.16666666666666663,0.0,0.0,1.0,1.0,1.0,0.0,0.0,0.21839152695883624
0.33333333333333337,0.0,0.0,0.0,1.0,1.0,0.0,0.0,0.0928855289181346
0.16666666666666663,1.0,0.0,0.0,0.0,0.0,0.0,0.0,0.03707510027541082
0.8333333333333334,0.0,1.0,0.0,0.0,0.0,1.0,0.0,0.18187094508419438
0.0,0.0,0.0,0.0,0.0,1.0,1.0,1.0,0.11885917081015139
0.16666666666666663,1.0,0.0,1.0,0.0,0.0,0.0,0.0,0.15984177741631395
0.33333333333333337,0.0,0.0,1.0,1.0,1.0,0.0,0.0,0.13894013049666365
0.8333333333333334,1.0,1.0,1.0,0.0,1.0,0.0,0.0,0.555764218775993
0.33333333333333337,1.0,0.0,0.0,0.0,1.0,0.0,1.0,0.2915768654923199
0.6666666666666666,1.0,0.0,0.0,0.0,1.0,0.0,0.0,0.33841148962126394
0.4999999999999999,1.0,1.0,1.0,0.0,1.0,0.0,0.0,0.7137021496830003
0.16666666666666663,0.0,1.0,1.0,1.0,1.0,0.0,0.0,0.4443836527975453
0.16666666666666663,1.0,1.0,0.0,0.0,0.0,0.0,1.0,0.31675200088722943
0.8333333333333334,0.0,1.0,1.0,0.0,1.0,1.0,0.0,0.6358329790576884
0.33333333333333337,1.0,0.0,0.0,0.0,0.0,0.0,0.0,0.1026561431396832
0.6666666666666666,1.0,0.0,0.0,0.0,0.0,0.0,0.0,0.21019574499547145
0.6666666666666666,1.0,0.0,0.0,0.0,1.0,0.0,1.0,0.3875935749801298
0.9999999999999999,0.0,1.0,0.0,1.0,1.0,0.0,1.0,0.46131494796769
0.8333333333333334,1.0,0.0,1.0,0.0,1.0,0.0,0.0,0.4724866453485148
0.33333333333333337,0.0,0.0,0.0,1.0,0.0,0.0,1.0,0.12939871721409957
0.0,1.0,0.0,0.0,0.0,0.0,0.0,1.0,0.02809929576163102
0.4999999999999999,1.0,0.0,0.0,0.0,0.0,0.0,0.0,0.176237038132382
0.8333333333333334,0.0,1.0,0.0,0.0,0.0,1.0,0.0,0.3308034971627142
0.6666666666666666,1.0,0.0,0.0,0.0,1.0,0.0,0.0,0.1861629175061459
0.33333333333333337,0.0,0.0,0.0,1.0,1.0,0.0,0.0,0.14753886249792053
0.8333333333333334,0.0,0.0,1.0,0.0,0.0,1.0,1.0,0.1194247795789357
0.8333333333333334,0.0,0.0,0.0,0.0,0.0,1.0,1.0,0.17272508826084543
0.0,1.0,0.0,0.0,0.0,1.0,0.0,0.0,0.16160144914142066
0.4999999999999999,1.0,1.0,0.0,0.0,1.0,0.0,0.0,0.5813829688915177
0.9999999999999999,1.0,0.0,0.0,0.0,1.0,0.0,0.0,0.42564832443023237
0.6666666666666666,0.0,1.0,0.0,0.0,1.0,1.0,0.0,0.36415962736363466
0.6666666666666666,0.0,0.0,0.0,1.0,1.0,0.0,0.0,0.2751816047762518
0.33333333333333337,0.0,1.0,0.0,1.0,1.0,0.0,1.0,0.4759985952200514
0.0,0.0,0.0,0.0,1.0,1.0,0.0,0.0,0.1264708600580396
0.4999999999999999,0.0,0.0,0.0,1.0,1.0,0.0,1.0,0.20901277240716437
0.9999999999999999,0.0,0.0,0.0,1.0,0.0,0.0,0.0,0.15729838635145377
0.33333333333333337,0.0,0.0,1.0,0.0,1.0,1.0,0.0,0.21136393042642465
0.4999999999999999,0.0,0.0,0.0,1.0,1.0,0.0,0.0,0.1194247795789357
0.6666666666666666,0.0,1.0,1.0,1.0,1.0,0.0,0.0,0.6785715605996192
0.4999999999999999,0.0,0.0,0.0,1.0,1.0,0.0,1.0,0.26522984787711873
0.6666666666666666,1.0,0.0,0.0,0.0,0.0,0.0,0.0,0.15095469584665716
0.4999999999999999,1.0,0.0,1.0,0.0,1.0,0.0,0.0,0.38173786066800985
0.4999999999999999,1.0,0.0,0.0,0.0,1.0,0.0,0.0,0.29274505092327313
0.4999999999999999,0.0,0.0,1.0,1.0,1.0,0.0,1.0,0.19241049148814254
0.0,1.0,0.0,0.0,0.0,1.0,0.0,0.0,0.07298201511986839
0.6666666666666666,0.0,1.0,0.0,1.0,0.0,0.0,1.0,0.40164507125561455
0.6666666666666666,0.0,0.0,0.0,1.0,1.0,0.0,0.0,0.20364503428772113
0.4999999999999999,0.0,0.0,0.0,0.0,0.0,1.0,1.0,0.1252989778377479
0.6666666666666666,1.0,0.0,0.0,0.0,1.0,0.0,0.0,0.33489953974972736
0.4999999999999999,0.0,1.0,0.0,0.0,0.0,1.0,1.0,0.29274505092327313
0.4999999999999999,1.0,0.0,0.0,0.0,1.0,0.0,0.0,0.227552170939539
0.6666666666666666,1.0,0.0,1.0,0.0,0.0,0.0,0.0,0.14362396258849192
0.6666666666666666,0.0,0.0,0.0,1.0,1.0,0.0,1.0,0.23925990277444037
0.0,0.0,0.0,0.0,1.0,0.0,0.0,0.0,0.0
0.33333333333333337,1.0,0.0,0.0,0.0,1.0,0.0,0.0,0.1919373024528197
0.4999999999999999,1.0,0.0,1.0,0.0,1.0,0.0,0.0,0.37061422154858503
0.6666666666666666,1.0,0.0,0.0,0.0,0.0,0.0,0.0,0.20668009833459638
0.16666666666666663,1.0,0.0,0.0,0.0,1.0,0.0,0.0,0.15095469584665716
0.4999999999999999,0.0,0.0,0.0,1.0,1.0,0.0,0.0,0.23537088039038095
0.6666666666666666,1.0,0.0,0.0,0.0,1.0,0.0,0.0,0.18772665939631428
0.8333333333333334,0.0,0.0,0.0,1.0,1.0,0.0,1.0,0.3483669433097355
0.16666666666666663,0.0,0.0,0.0,0.0,0.0,1.0,0.0,0.05562928596513929
0.0,1.0,0.0,0.0,0.0,0.0,0.0,0.0,0.05045008410195746
0.8333333333333334,0.0,0.0,0.0,1.0,0.0,0.0,0.0,0.18443282009574685
0.6666666666666666,0.0,0.0,1.0,1.0,1.0,0.0,0.0,0.3466109683739672
0.6666666666666666,1.0,0.0,0.0,0.0,1.0,0.0,1.0,0.21270216816694698
0.4999999999999999,0.0,0.0,0.0,1.0,1.0,0.0,0.0,0.1182565941479825
0.8333333333333334,1.0,0.0,1.0,0.0,0.0,0.0,0.0,0.30914031163934125
0.8333333333333334,1.0,0.0,0.0,0.0,1.0,0.0,0.0,0.30122178887636086
0.4999999999999999,0.0,0.0,0.0,0.0,1.0,1.0,0.0,0.13875898781907914
0.0,1.0,0.0,0.0,0.0,1.0,0.0,0.0,0.16511339901295724
0.16666666666666663,0.0,0.0,1.0,0.0,1.0,1.0,1.0,0.20609600561911978
0.8333333333333334,1.0,1.0,0.0,0.0,1.0,0.0,0.0,0.4464834291417904
0.6666666666666666,0.0,1.0,0.0,1.0,1.0,0.0,0.0,0.5445001016617068
0.4999999999999999,1.0,1.0,0.0,0.0,1.0,0.0,0.0,0.3489140681318275
0.4999999999999999,1.0,1.0,0.0,0.0,0.0,0.0,0.0,0.21114212306611707
0.16666666666666663,1.0,0.0,0.0,0.0,1.0,0.0,1.0,0.2418106874179775
0.33333333333333337,1.0,1.0,0.0,0.0,1.0,0.0,0.0,0.5023456128352526
0.4999999999999999,0.0,1.0,0.0,0.0,0.0,1.0,0.0,0.2576181586292305
0.6666666666666666,1.0,1.0,0.0,0.0,1.0,0.0,0.0,0.40004066468272304
0.0,0.0,0.0,1.0,1.0,0.0,0.0,0.0,0.08607234616735367
0.4999999999999999,0.0,0.0,1.0,0.0,1.0,1.0,1.0,0.28981719376721315
0.4999999999999999,0.0,1.0,1.0,0.0,0.0,1.0,0.0,0.3284597327221308
0.0,0.0,0.0,0.0,1.0,1.0,0.0,0.0,0.12178702796621137
0.4999999999999999,0.0,0.0,0.0,1.0,0.0,0.0,0.0,0.09240864309347334
0.4999999999999999,0.0,0.0,0.0,1.0,1.0,0.0,0.0,0.11903661669839745
0.8333333333333334,1.0,0.0,1.0,0.0,1.0,0.0,0.0,0.48478216668823126
0.6666666666666666,0.0,0.0,0.0,0.0,0.0,1.0,0.0,0.0441026968078224
0.4999999999999999,0.0,1.0,0.0,0.0,1.0,1.0,0.0,0.31341749690393894
0.6666666666666666,0.0,0.0,0.0,1.0,1.0,0.0,0.0,0.2060849152511044
0.8333333333333334,1.0,0.0,0.0,0.0,1.0,0.0,0.0,0.21621781482782204
0.8333333333333334,0.0,1.0,1.0,0.0,0.0,1.0,0.0,0.4285761815862923
0.6666666666666666,1.0,0.0,0.0,0.0,1.0,0.0,1.0,0.38349383560377814
0.9999999999999999,1.0,0.0,0.0,0.0,1.0,0.0,0.0,0.33342082401434353
0.33333333333333337,0.0,0.0,0.0,1.0,1.0,0.0,0.0,0.1973124341509399
0.0,0.0,0.0,0.0,0.0,0.0,1.0,0.0,0.03630986488234968
0.4999999999999999,1.0,1.0,1.0,0.0,1.0,0.0,0.0,0.43711576495813387
0.8333333333333334,0.0,0.0,0.0,0.0,1.0,1.0,0.0,0.2535184192528789
0.0,0.0,0.0,1.0,0.0,0.0,1.0,1.0,0.01795160902755956
0.16666666666666663,0.0,0.0,0.0,0.0,0.0,1.0,1.0,0.07202084989186892
0.6666666666666666,0.0,0.0,0.0,1.0,1.0,0.0,1.0,0.2416997837378237
0.16666666666666663,0.0,0.0,0.0,1.0,1.0,0.0,0.0,0.16042956692112897
0.6666666666666666,0.0,0.0,0.0,1.0,1.0,0.0,1.0,0.30796842941904956
0.16666666666666663,0.0,0.0,0.0,0.0,1.0,1.0,0.0,0.12881462449862296
0.8333333333333334,0.0,0.0,0.0,1.0,1.0,0.0,0.0,0.31323635422635443
0.6666666666666666,0.0,0.0,0.0,1.0,1.0,0.0,1.0,0.31440823644664606
0.4999999999999999,1.0,0.0,0.0,0.0,1.0,0.0,0.0,0.15884364429492986
0.0,0.0,0.0,1.0,1.0,1.0,0.0,0.0,0.07805770688157336
0.6666666666666666,0.0,0.0,0.0,1.0,1.0,0.0,1.0,0.31323635422635443
0.33333333333333337,1.0,0.0,0.0,0.0,1.0,0.0,0.0,0.1287924437625922
0.6666666666666666,1.0,0.0,0.0,0.0,0.0,0.0,0.0,0.15388255300271714
0.6666666666666666,1.0,0.0,1.0,0.0,1.0,0.0,0.0,0.4233082567789874
0.9999999999999999,0.0,1.0,0.0,1.0,0.0,0.0,0.0,0.4414557956414854
0.9999999999999999,1.0,0.0,0.0,0.0,1.0,0.0,0.0,0.42447644220994063
0.16666666666666663,0.0,0.0,1.0,0.0,1.0,1.0,0.0,0.1756529454169054
0.6666666666666666,0.0,1.0,0.0,0.0,0.0,1.0,0.0,0.29216095820779653
0.9999999999999999,1.0,1.0,0.0,0.0,0.0,0.0,0.0,0.533376462542282
0.6666666666666666,1.0,0.0,0.0,0.0,1.0,0.0,0.0,0.2568233489214617
0.4999999999999999,0.0,0.0,1.0,0.0,0.0,1.0,1.0,0.07454206022069833
0.8333333333333334,0.0,0.0,0.0,1.0,1.0,0.0,0.0,0.31323635422635443
0.9999999999999999,0.0,1.0,0.0,1.0,1.0,0.0,0.0,0.661595903957413
0.4999999999999999,1.0,0.0,1.0,0.0,1.0,0.0,0.0,0.3758821463558899
0.9999999999999999,0.0,0.0,1.0,1.0,0.0,0.0,1.0,0.17445518567124452
0.8333333333333334,0.0,0.0,0.0,0.0,1.0,1.0,1.0,0.2962606975841482
0.6666666666666666,0.0,1.0,0.0,0.0,1.0,1.0,0.0,0.46194709894456665
0.6666666666666666,1.0,1.0,0.0,0.0,0.0,0.0,0.0,0.24782906046098963
0.6666666666666666,0.0,0.0,0.0,1.0,1.0,0.0,1.0,0.30914031163934125
0.6666666666666666,1.0,1.0,1.0,0.0,1.0,0.0,0.0,0.5034657400048058
0.6666666666666666,0.0,0.0,0.0,1.0,0.0,0.0,0.0,0.16160144914142066
0.16666666666666663,0.0,0.0,0.0,0.0,1.0,1.0,0.0,0.13057059943439125
0.0,1.0,1.0,1.0,0.0,1.0,0.0,0.0,0.4549231992014935
0.8333333333333334,1.0,1.0,0.0,0.0,1.0,0.0,1.0,0.8097188591708102
0.0,0.0,0.0,0.0,0.0,1.0,1.0,0.0,0.09719598528677843
0.8333333333333334,1.0,1.0,0.0,0.0,1.0,0.0,1.0,0.8202584055747584
0.16666666666666663,1.0,1.0,0.0,0.0,1.0,0.0,0.0,0.4385279384854254
0.16666666666666663,0.0,0.0,0.0,1.0,1.0,0.0,0.0,0.16569749172843384
0.4999999999999999,0.0,1.0,1.0,1.0,1.0,0.0,1.0,0.6639359716086579
0.8333333333333334,1.0,1.0,0.0,0.0,0.0,0.0,0.0,0.4894659987800595
0.9999999999999999,0.0,0.0,0.0,1.0,0.0,0.0,1.0,0.24532263728951403
0.0,1.0,0.0,0.0,0.0,0.0,0.0,0.0,0.08724422838764533
0.9999999999999999,0.0,0.0,0.0,0.0,1.0,1.0,0.0,0.2915768654923199
0.0,0.0,0.0,0.0,0.0,1.0,1.0,0.0,0.057281750799430695
0.6666666666666666,0.0,0.0,0.0,0.0,1.0,1.0,1.0,0.25703036912441546
0.0,0.0,0.0,0.0,1.0,1.0,0.0,0.0,0.12295891018650303
0.8333333333333334,1.0,0.0,1.0,0.0,1.0,0.0,0.0,0.48185430953217134
0.16666666666666663,0.0,0.0,0.0,1.0,1.0,0.0,1.0,0.08625348884493818
0.9999999999999999,0.0,1.0,0.0,1.0,1.0,0.0,0.0,0.6662797360492413
0.4999999999999999,1.0,0.0,0.0,0.0,1.0,0.0,0.0,0.28806121883144487
0.4999999999999999,1.0,0.0,1.0,0.0,1.0,0.0,0.0,0.37998188573224156
0.8333333333333334,0.0,0.0,1.0,1.0,1.0,0.0,1.0,0.2583686068649378
0.8333333333333334,1.0,1.0,0.0,0.0,0.0,0.0,0.0,0.48653814162399955
0.0,1.0,1.0,0.0,0.0,1.0,0.0,1.0,0.3987172140995545
0.6666666666666666,0.0,0.0,0.0,0.0,1.0,1.0,1.0,0.2587900408495222
0.16666666666666663,1.0,0.0,0.0,0.0,1.0,0.0,1.0,0.1758377848838284
0.6666666666666666,0.0,0.0,0.0,1.0,1.0,0.0,0.0,0.2763534869965435
0.9999999999999999,1.0,0.0,0.0,0.0,0.0,0.0,0.0,0.26581394059259533
0.6666666666666666,1.0,1.0,0.0,0.0,1.0,0.0,0.0,0.6621799966728896
0.6666666666666666,1.0,0.0,1.0,0.0,1.0,0.0,0.0,0.42799208887081575
0.6666666666666666,1.0,0.0,0.0,0.0,1.0,0.0,0.0,0.33489953974972736
0.0,1.0,0.0,1.0,0.0,0.0,0.0,1.0,0.1002162621762999
0.6666666666666666,0.0,1.0,1.0,0.0,0.0,1.0,0.0,0.21660597770836026
0.4999999999999999,0.0,0.0,0.0,1.0,1.0,0.0,0.0,0.2312711410140293
0.4999999999999999,1.0,0.0,1.0,0.0,1.0,0.0,1.0,0.24782906046098963
0.4999999999999999,1.0,0.0,0.0,0.0,1.0,0.0,0.0,0.2915768654923199
0.6666666666666666,1.0,0.0,1.0,0.0,1.0,0.0,0.0,0.34171641928984675
0.6666666666666666,0.0,0.0,0.0,1.0,1.0,0.0,0.0,0.2751816047762518
0.4999999999999999,0.0,0.0,0.0,1.0,1.0,0.0,0.0,0.17827766584721172
0.4999999999999999,1.0,0.0,0.0,0.0,1.0,0.0,1.0,0.18226280475407108
0.6666666666666666,1.0,0.0,1.0,0.0,0.0,0.0,0.0,0.20364503428772113
0.4999999999999999,1.0,0.0,0.0,0.0,1.0,0.0,0.0,0.2226724090127724
0.6666666666666666,0.0,0.0,0.0,1.0,1.0,0.0,0.0,0.14206391748766195
0.8333333333333334,0.0,1.0,0.0,1.0,1.0,0.0,1.0,0.5407700412192011
0.8333333333333334,1.0,0.0,0.0,0.0,1.0,0.0,1.0,0.4262324171457089
0.16666666666666663,1.0,0.0,0.0,0.0,0.0,0.0,0.0,0.07728507790983531
0.6666666666666666,1.0,0.0,1.0,0.0,1.0,0.0,0.0,0.42916027430176895
0.8333333333333334,1.0,0.0,0.0,0.0,0.0,0.0,1.0,0.2710818653999002
0.33333333333333337,1.0,0.0,0.0,0.0,1.0,0.0,0.0,0.2500064693813423
0.16666666666666663,1.0,0.0,0.0,0.0,1.0,0.0,0.0,0.09600931590913293
0.6666666666666666,0.0,1.0,0.0,1.0,1.0,0.0,1.0,0.4939354170902571
0.4999999999999999,1.0,1.0,0.0,0.0,0.0,0.0,0.0,0.29536607456424097
0.8333333333333334,1.0,1.0,0.0,0.0,1.0,0.0,0.0,0.43984769227925546
0.8333333333333334,1.0,1.0,0.0,0.0,1.0,0.0,0.0,0.5802887192473337
0.33333333333333337,0.0,0.0,0.0,1.0,1.0,0.0,1.0,0.2312711410140293
0.6666666666666666,0.0,0.0,0.0,1.0,1.0,0.0,0.0,0.2734256298404835
0.6666666666666666,0.0,0.0,0.0,1.0,1.0,0.0,0.0,0.2763534869965435
0.0,1.0,0.0,0.0,0.0,1.0,0.0,0.0,0.16862534888449382
0.33333333333333337,0.0,1.0,1.0,0.0,1.0,1.0,0.0,0.4525794347609101
0.4999999999999999,1.0,0.0,0.0,0.0,0.0,0.0,0.0,0.176237038132382
0.6666666666666666,0.0,1.0,0.0,1.0,1.0,0.0,0.0,0.5456719838819984
0.4999999999999999,0.0,0.0,0.0,1.0,1.0,0.0,0.0,0.23653906582133416
0.0,0.0,0.0,0.0,1.0,1.0,0.0,0.0,0.12471488512227132
0.6666666666666666,1.0,0.0,1.0,0.0,1.0,0.0,0.0,0.42916027430176895
0.6666666666666666,0.0,0.0,0.0,0.0,1.0,1.0,1.0,0.19486515960887968
0.6666666666666666,1.0,0.0,0.0,0.0,1.0,0.0,0.0,0.2568233489214617
0.4999999999999999,0.0,0.0,1.0,1.0,1.0,0.0,0.0,0.3009445296759764
0.6666666666666666,0.0,0.0,1.0,0.0,1.0,1.0,1.0,0.33607142197001905
0.6666666666666666,0.0,0.0,0.0,1.0,0.0,0.0,1.0,0.19087262712334335
0.6666666666666666,1.0,0.0,0.0,0.0,1.0,0.0,0.0,0.3407552540618473
0.6666666666666666,1.0,0.0,0.0,0.0,1.0,0.0,0.0,0.18226280475407108
0.9999999999999999,1.0,1.0,0.0,0.0,0.0,0.0,0.0,0.3223748174710264
0.4999999999999999,1.0,1.0,0.0,0.0,1.0,0.0,0.0,0.5813829688915177
0.4999999999999999,1.0,0.0,0.0,0.0,1.0,0.0,0.0,0.29040498327202824
0.4999999999999999,1.0,0.0,0.0,0.0,0.0,0.0,1.0,0.1553464815807471
0.8333333333333334,0.0,0.0,0.0,1.0,1.0,0.0,0.0,0.16743128592817136
0.0,0.0,1.0,0.0,0.0,1.0,1.0,0.0,0.2423947801334541
0.9999999999999999,0.0,0.0,0.0,0.0,0.0,1.0,0.0,0.1709691133250772
0.6666666666666666,1.0,0.0,0.0,0.0,0.0,0.0,0.0,0.21019574499547145
0.6666666666666666,1.0,0.0,0.0,0.0,0.0,0.0,1.0,0.23712685532614924
0.33333333333333337,0.0,0.0,0.0,1.0,1.0,0.0,0.0,0.1943882737842184
0.6666666666666666,0.0,0.0,1.0,1.0,1.0,0.0,0.0,0.35480675033733206
0.4999999999999999,1.0,1.0,1.0,0.0,1.0,0.0,0.0,0.727753645958485
0.0,0.0,0.0,1.0,0.0,0.0,1.0,1.0,0.04801389992791262
0.6666666666666666,1.0,0.0,0.0,0.0,1.0,0.0,0.0,0.18304282730448607
0.4999999999999999,1.0,1.0,1.0,0.0,1.0,0.0,0.0,0.4417995970499621
0.0,0.0,0.0,0.0,1.0,0.0,0.0,1.0,0.043622114193822684
0.4999999999999999,0.0,0.0,1.0,1.0,1.0,0.0,0.0,0.2997726474556847
0.8333333333333334,0.0,0.0,0.0,1.0,0.0,0.0,0.0,0.18502060960056194
0.8333333333333334,1.0,1.0,0.0,0.0,1.0,0.0,1.0,0.8009389844919688
0.8333333333333334,0.0,0.0,0.0,1.0,1.0,0.0,1.0,0.35480675033733206
0.4999999999999999,0.0,0.0,0.0,0.0,1.0,1.0,0.0,0.19497236649969502
0.33333333333333337,1.0,0.0,0.0,0.0,1.0,0.0,0.0,0.25469030147317057
0.6666666666666666,1.0,0.0,1.0,0.0,1.0,0.0,0.0,0.4332600136781205
0.33333333333333337,1.0,0.0,0.0,0.0,1.0,0.0,0.0,0.18900944529675978
0.4999999999999999,0.0,0.0,1.0,0.0,1.0,1.0,0.0,0.2529343265374023
0.4999999999999999,0.0,0.0,1.0,1.0,1.0,0.0,1.0,0.2660948965823183
0.4999999999999999,1.0,1.0,1.0,0.0,0.0,0.0,0.0,0.47482671299975976
0.9999999999999999,0.0,0.0,0.0,0.0,1.0,1.0,1.0,0.33255947209848247
0.8333333333333334,1.0,0.0,0.0,0.0,1.0,0.0,0.0,0.38232195338348646
0.4999999999999999,1.0,0.0,0.0,0.0,1.0,0.0,0.0,0.29274505092327313
0.4999999999999999,1.0,0.0,1.0,0.0,0.0,0.0,0.0,0.17290992772776842
0.4999999999999999,1.0,0.0,1.0,0.0,0.0,0.0,0.0,0.2312711410140293
0.6666666666666666,0.0,0.0,0.0,0.0,1.0,1.0,0.0,0.11162085728544759
0.8333333333333334,0.0,0.0,0.0,1.0,1.0,0.0,1.0,0.27097465850908486
0.9999999999999999,0.0,0.0,0.0,0.0,0.0,1.0,0.0,0.12265947025008782
0.6666666666666666,1.0,1.0,0.0,0.0,1.0,0.0,1.0,0.733609360270605
0.4999999999999999,1.0,0.0,1.0,0.0,0.0,0.0,1.0,0.2740097225559601
0.4999999999999999,0.0,0.0,1.0,1.0,0.0,0.0,0.0,0.18209275244450196
0.6666666666666666,1.0,1.0,0.0,0.0,0.0,0.0,1.0,0.4935620413670727
0.6666666666666666,0.0,0.0,0.0,1.0,1.0,0.0,0.0,0.2710818653999002
0.4999999999999999,0.0,0.0,0.0,1.0,1.0,0.0,0.0,0.23244302323432098
0.4999999999999999,1.0,1.0,0.0,0.0,1.0,0.0,0.0,0.5714312119923847
0.16666666666666663,1.0,1.0,1.0,0.0,1.0,0.0,0.0,0.5497680264690117
0.4999999999999999,1.0,0.0,0.0,0.0,1.0,0.0,1.0,0.34017116134637065
0.16666666666666663,0.0,1.0,0.0,1.0,1.0,0.0,1.0,0.3212251159867655
0.9999999999999999,0.0,1.0,0.0,1.0,1.0,0.0,1.0,0.7482449492615664
0.6666666666666666,0.0,0.0,0.0,0.0,1.0,1.0,0.0,0.22014750189460452
0.4999999999999999,0.0,0.0,0.0,0.0,1.0,1.0,0.0,0.14217482116781577
0.6666666666666666,0.0,1.0,0.0,1.0,1.0,0.0,0.0,0.43831722149313324
0.4999999999999999,0.0,0.0,0.0,1.0,1.0,0.0,0.0,0.23712685532614924
0.4999999999999999,1.0,1.0,1.0,0.0,1.0,0.0,0.0,0.5793127668619804
0.8333333333333334,1.0,1.0,0.0,0.0,0.0,0.0,1.0,0.5421563372211234
0.6666666666666666,1.0,0.0,1.0,0.0,1.0,0.0,0.0,0.42096449233840405
0.9999999999999999,1.0,0.0,0.0,0.0,0.0,0.0,1.0,0.2348718138296889
0.8333333333333334,1.0,0.0,0.0,0.0,1.0,0.0,0.0,0.21231400528640876
0.33333333333333337,0.0,0.0,0.0,1.0,1.0,0.0,1.0,0.2254154267019094
0.0,0.0,0.0,0.0,1.0,1.0,0.0,0.0,0.08704460176336852
0.9999999999999999,0.0,0.0,0.0,0.0,0.0,1.0,0.0,0.1703813238202621
0.33333333333333337,0.0,0.0,0.0,0.0,0.0,1.0,0.0,0.04801389992791262
0.9999999999999999,0.0,0.0,0.0,0.0,1.0,1.0,0.0,0.1541598122031016
0.4999999999999999,1.0,1.0,0.0,0.0,0.0,0.0,1.0,0.42564832443023237
0.6666666666666666,0.0,1.0,1.0,1.0,1.0,0.0,0.0,0.41370030128833113
0.8333333333333334,1.0,1.0,1.0,0.0,1.0,0.0,1.0,1.0000000000000002
0.4999999999999999,0.0,0.0,0.0,1.0,0.0,0.0,0.0,0.04917469178018892
0.4999999999999999,1.0,0.0,0.0,0.0,1.0,0.0,0.0,0.2974288830151014
0.0,1.0,0.0,1.0,0.0,1.0,0.0,1.0,0.2505905620968189
0.4999999999999999,0.0,0.0,1.0,1.0,1.0,0.0,0.0,0.3056246649784662
0.4999999999999999,1.0,1.0,0.0,0.0,1.0,0.0,0.0,0.5831426406166245
0.6666666666666666,1.0,0.0,0.0,0.0,1.0,0.0,0.0,0.183822849854901
0.16666666666666663,0.0,0.0,0.0,1.0,1.0,0.0,0.0,0.11680375593796789
0.9999999999999999,1.0,1.0,0.0,0.0,0.0,0.0,1.0,0.36100996284726716
0.8333333333333334,1.0,0.0,0.0,0.0,1.0,0.0,0.0,0.3741261714201216
0.6666666666666666,0.0,0.0,0.0,0.0,0.0,1.0,0.0,0.12354300290197963
0.9999999999999999,0.0,0.0,0.0,1.0,0.0,0.0,0.0,0.21487957708729966
0.9999999999999999,0.0,0.0,0.0,1.0,0.0,0.0,0.0,0.21253581264671634
0.33333333333333337,0.0,0.0,0.0,1.0,1.0,0.0,0.0,0.20024029130699988
0.6666666666666666,1.0,1.0,1.0,0.0,1.0,0.0,1.0,0.9110071902552633
0.4999999999999999,0.0,0.0,1.0,1.0,1.0,0.0,0.0,0.31030849707029445
0.8333333333333334,0.0,1.0,1.0,0.0,1.0,1.0,0.0,0.6498844753331732
0.6666666666666666,0.0,1.0,0.0,1.0,0.0,0.0,0.0,0.357734607493392
0.4999999999999999,0.0,1.0,1.0,0.0,1.0,1.0,1.0,0.4656364947043493
0.8333333333333334,0.0,0.0,0.0,1.0,0.0,0.0,1.0,0.21663555202306795
0.4999999999999999,0.0,0.0,0.0,0.0,0.0,1.0,1.0,0.12354300290197963
0.8333333333333334,0.0,1.0,0.0,1.0,1.0,0.0,0.0,0.37037762703092364
0.6666666666666666,0.0,0.0,0.0,0.0,1.0,1.0,0.0,0.11006081218461768
0.16666666666666663,1.0,0.0,1.0,0.0,1.0,0.0,1.0,0.170163213249293
0.33333333333333337,0.0,1.0,1.0,1.0,1.0,0.0,0.0,0.5339605552577587
0.6666666666666666,1.0,0.0,1.0,0.0,1.0,0.0,0.0,0.4320881314578289
0.9999999999999999,0.0,0.0,1.0,1.0,1.0,0.0,0.0,0.3441563002532301
0.0,1.0,0.0,0.0,0.0,1.0,0.0,1.0,0.19555645921517162
0.8333333333333334,0.0,0.0,1.0,1.0,1.0,0.0,0.0,0.38817766769560635
0.4999999999999999,0.0,1.0,1.0,0.0,1.0,1.0,0.0,0.5187371767619823
0.33333333333333337,1.0,1.0,0.0,0.0,0.0,0.0,0.0,0.3296316149424225
0.4999999999999999,0.0,0.0,0.0,1.0,1.0,0.0,0.0,0.177789689654535
0.4999999999999999,0.0,0.0,1.0,1.0,1.0,0.0,0.0,0.23633204561838045
0.8333333333333334,1.0,1.0,0.0,0.0,1.0,0.0,1.0,0.6500545276427423
0.4999999999999999,0.0,0.0,0.0,1.0,1.0,0.0,0.0,0.23829873754644093
0.16666666666666663,0.0,1.0,0.0,0.0,1.0,1.0,0.0,0.22950407571024567
0.6666666666666666,0.0,0.0,1.0,1.0,1.0,0.0,0.0,0.26853477754570154
0.33333333333333337,1.0,0.0,0.0,0.0,1.0,0.0,0.0,0.2535184192528789
0.0,1.0,0.0,0.0,0.0,1.0,0.0,0.0,0.0690782055784551
0.4999999999999999,1.0,0.0,0.0,0.0,1.0,0.0,1.0,0.3337276575294357
0.6666666666666666,1.0,0.0,0.0,0.0,1.0,0.0,0.0,0.18850668194672926
0.8333333333333334,0.0,0.0,0.0,0.0,0.0,1.0,1.0,0.1785771057836269
0.6666666666666666,1.0,0.0,0.0,0.0,1.0,0.0,1.0,0.38642169275983806
0.4999999999999999,0.0,0.0,1.0,1.0,1.0,0.0,0.0,0.16508752148758804
0.4999999999999999,0.0,0.0,1.0,0.0,1.0,1.0,0.0,0.1870575405260531
0.4999999999999999,1.0,0.0,0.0,0.0,1.0,0.0,0.0,0.2986007652353931
0.33333333333333337,0.0,1.0,0.0,1.0,0.0,0.0,1.0,0.3056246649784662
0.9999999999999999,1.0,0.0,0.0,0.0,1.0,0.0,0.0,0.4233082567789874
0.9999999999999999,1.0,0.0,0.0,0.0,1.0,0.0,1.0,0.47307073806399147
0.33333333333333337,1.0,1.0,0.0,0.0,0.0,0.0,1.0,0.21504593260753035
0.4999999999999999,1.0,0.0,0.0,0.0,1.0,0.0,0.0,0.2915768654923199
0.6666666666666666,1.0,1.0,0.0,0.0,1.0,0.0,0.0,0.6463725254616366
0.0,0.0,1.0,1.0,1.0,1.0,0.0,1.0,0.3290290382802536
0.33333333333333337,0.0,0.0,0.0,0.0,0.0,1.0,0.0,0.016783423596606353
0.6666666666666666,1.0,0.0,1.0,0.0,0.0,0.0,0.0,0.2051089628657511
0.8333333333333334,0.0,1.0,0.0,0.0,1.0,1.0,1.0,0.586066800983346
0.16666666666666663,0.0,0.0,0.0,1.0,1.0,0.0,0.0,0.16042956692112897
0.4999999999999999,1.0,0.0,0.0,0.0,1.0,0.0,0.0,0.2939169331435648
0.0,0.0,0.0,1.0,0.0,1.0,1.0,0.0,0.13466664202140438
0.8333333333333334,0.0,1.0,1.0,1.0,1.0,0.0,0.0,0.7593685883809911
0.33333333333333337,1.0,0.0,1.0,0.0,1.0,0.0,0.0,0.3302157076578991
0.6666666666666666,1.0,1.0,0.0,0.0,1.0,0.0,0.0,0.531010517365668
0.33333333333333337,0.0,0.0,0.0,1.0,1.0,0.0,0.0,0.14266279736049242
0.4999999999999999,1.0,0.0,1.0,0.0,0.0,0.0,1.0,0.13894013049666365
0.4999999999999999,0.0,0.0,0.0,0.0,1.0,1.0,0.0,0.13875898781907914
0.6666666666666666,0.0,0.0,0.0,0.0,1.0,1.0,0.0,0.2213193841148962
0.4999999999999999,1.0,1.0,0.0,0.0,1.0,0.0,0.0,0.5755309513687362
0.16666666666666663,1.0,0.0,1.0,0.0,1.0,0.0,0.0,0.27166965490471523
0.6666666666666666,1.0,0.0,0.0,0.0,0.0,0.0,0.0,0.20843607327036467
0.8333333333333334,1.0,0.0,0.0,0.0,1.0,0.0,0.0,0.38349383560377814
0.4999999999999999,0.0,0.0,0.0,1.0,1.0,0.0,0.0,0.23946692297739414
0.8333333333333334,0.0,1.0,0.0,0.0,0.0,1.0,0.0,0.183822849854901
0.6666666666666666,0.0,0.0,0.0,1.0,1.0,0.0,0.0,0.2704977726844236
0.9999999999999999,0.0,1.0,0.0,1.0,1.0,0.0,0.0,0.664523761113473
0.8333333333333334,1.0,0.0,1.0,0.0,1.0,0.0,0.0,0.2798321657640339
0.6666666666666666,0.0,0.0,0.0,0.0,1.0,1.0,0.0,0.10927709284486424
0.4999999999999999,0.0,1.0,0.0,1.0,1.0,0.0,0.0,0.2833441156355705
0.16666666666666663,0.0,0.0,0.0,0.0,0.0,1.0,0.0,0.0011718822202916868
0.0,0.0,1.0,1.0,1.0,1.0,0.0,0.0,0.29536607456424097
0.16666666666666663,1.0,0.0,0.0,0.0,1.0,0.0,0.0,0.15778636254413042
0.16666666666666663,0.0,0.0,1.0,0.0,0.0,1.0,1.0,0.11359124600284655
0.0,1.0,1.0,0.0,0.0,1.0,0.0,0.0,0.36183065008040516
0.4999999999999999,0.0,0.0,0.0,0.0,1.0,1.0,0.0,0.13875898781907914
0.4999999999999999,1.0,1.0,0.0,0.0,1.0,0.0,0.0,0.5714312119923847
0.4999999999999999,0.0,0.0,0.0,0.0,0.0,1.0,0.0,0.06801722703831724
0.8333333333333334,0.0,1.0,0.0,1.0,1.0,0.0,1.0,0.6703757786362544
0.33333333333333337,0.0,0.0,0.0,1.0,0.0,0.0,0.0,0.10890741391101828
0.0,0.0,0.0,1.0,1.0,1.0,0.0,0.0,0.16686937394872553
0.6666666666666666,0.0,0.0,0.0,0.0,0.0,1.0,0.0,0.04566274190865234
0.4999999999999999,1.0,0.0,0.0,0.0,1.0,0.0,0.0,0.2285281233248923
0.0,1.0,0.0,1.0,0.0,0.0,0.0,1.0,0.10314411933235985
0.8333333333333334,1.0,0.0,1.0,0.0,1.0,0.0,1.0,0.32159479492061144
0.9999999999999999,1.0,1.0,0.0,0.0,0.0,0.0,1.0,0.36530563205855715
0.4999999999999999,0.0,0.0,1.0,0.0,1.0,1.0,0.0,0.13074434853329886
0.8333333333333334,0.0,1.0,0.0,1.0,1.0,0.0,1.0,0.41682039148999095
0.6666666666666666,1.0,0.0,0.0,0.0,0.0,0.0,0.0,0.15583445777342375
0.8333333333333334,0.0,0.0,0.0,1.0,0.0,0.0,0.0,0.18443282009574685
0.16666666666666663,0.0,0.0,0.0,0.0,1.0,1.0,0.0,0.12939871721409957
0.6666666666666666,1.0,0.0,0.0,0.0,1.0,0.0,1.0,0.38642169275983806
0.6666666666666666,1.0,1.0,0.0,0.0,1.0,0.0,0.0,0.6446165505258683
0.4999999999999999,1.0,1.0,0.0,0.0,1.0,0.0,0.0,0.5872386832036377
0.4999999999999999,1.0,0.0,0.0,0.0,1.0,0.0,0.0,0.1572835991940999
0.6666666666666666,0.0,0.0,0.0,1.0,1.0,0.0,0.0,0.2734256298404835
0.4999999999999999,1.0,0.0,0.0,0.0,1.0,0.0,0.0,0.29274505092327313
0.9999999999999999,0.0,1.0,1.0,0.0,1.0,1.0,0.0,0.7142862423984769
0.8333333333333334,1.0,0.0,0.0,0.0,1.0,0.0,0.0,0.38349383560377814
0.0,0.0,0.0,0.0,1.0,0.0,0.0,0.0,0.0544574037448476
0.4999999999999999,1.0,1.0,0.0,0.0,1.0,0.0,0.0,0.5790429012402728
0.0,1.0,0.0,0.0,0.0,1.0,0.0,1.0,0.09093732093676642
0.8333333333333334,0.0,0.0,0.0,1.0,1.0,0.0,0.0,0.2348718138296889
0.4999999999999999,0.0,0.0,0.0,0.0,1.0,1.0,0.0,0.08625348884493818
0.6666666666666666,0.0,0.0,1.0,1.0,1.0,0.0,0.0,0.3489510360252121
0.9999999999999999,1.0,0.0,0.0,0.0,0.0,0.0,1.0,0.30914031163934125
0.16666666666666663,1.0,1.0,1.0,0.0,1.0,0.0,0.0,0.43294948337369
0.8333333333333334,1.0,0.0,0.0,0.0,1.0,0.0,1.0,0.4262324171457089
0.6666666666666666,0.0,0.0,0.0,0.0,1.0,1.0,0.0,0.21956340917912792
0.8333333333333334,1.0,0.0,0.0,0.0,1.0,0.0,0.0,0.3741261714201216
0.6666666666666666,1.0,0.0,0.0,0.0,1.0,0.0,0.0,0.26267906323358164
0.4999999999999999,1.0,1.0,0.0,0.0,1.0,0.0,0.0,0.5813829688915177
0.6666666666666666,0.0,0.0,1.0,0.0,0.0,1.0,0.0,0.17506515591209032
0.0,1.0,1.0,0.0,0.0,1.0,0.0,0.0,0.2807304855732796
0.4999999999999999,1.0,0.0,1.0,0.0,1.0,0.0,0.0,0.37061422154858503
0.0,1.0,1.0,0.0,0.0,1.0,0.0,0.0,0.3676863643925251
0.33333333333333337,0.0,0.0,0.0,1.0,1.0,0.0,0.0,0.19380048427940333
0.4999999999999999,0.0,0.0,1.0,1.0,1.0,0.0,1.0,0.34426720393338384
0.4999999999999999,0.0,1.0,1.0,1.0,1.0,0.0,1.0,0.661595903957413
0.8333333333333334,0.0,0.0,0.0,0.0,0.0,1.0,0.0,0.06166244616550527
0.16666666666666663,1.0,1.0,1.0,0.0,1.0,0.0,0.0,0.5380602946341103
0.0,1.0,0.0,0.0,0.0,1.0,0.0,0.0,0.07454206022069833
0.8333333333333334,1.0,0.0,0.0,0.0,1.0,0.0,0.0,0.3752980536404133
0.0,1.0,0.0,0.0,0.0,0.0,0.0,0.0,0.04801389992791262
0.4999999999999999,0.0,0.0,0.0,1.0,1.0,0.0,0.0,0.1182565941479825
0.8333333333333334,1.0,0.0,1.0,0.0,1.0,0.0,0.0,0.47365852756880644
0.4999999999999999,1.0,1.0,0.0,0.0,1.0,0.0,0.0,0.5848986155523928
0.6666666666666666,1.0,0.0,0.0,0.0,1.0,0.0,0.0,0.33724330419031073
0.33333333333333337,0.0,0.0,0.0,1.0,1.0,0.0,0.0,0.20024029130699988
0.16666666666666663,0.0,1.0,0.0,1.0,1.0,0.0,1.0,0.3957893569434946
0.9999999999999999,0.0,0.0,1.0,1.0,0.0,0.0,1.0,0.24853145043529695
0.9999999999999999,1.0,1.0,1.0,0.0,1.0,0.0,0.0,0.9724811001645072
0.0,1.0,0.0,0.0,0.0,1.0,0.0,0.0,0.16628528123324893
0.0,0.0,0.0,0.0,1.0,1.0,0.0,0.0,0.12881462449862296
0.4999999999999999,0.0,0.0,0.0,0.0,0.0,1.0,0.0,0.0660653222676106
0.4999999999999999,0.0,0.0,0.0,1.0,1.0,0.0,0.0,0.11630468937727585
0.6666666666666666,0.0,0.0,0.0,0.0,0.0,1.0,0.0,0.12705864956285468
0.9999999999999999,1.0,1.0,0.0,0.0,1.0,0.0,0.0,0.5003419530138075
0.0,0.0,0.0,0.0,0.0,1.0,1.0,0.0,0.09134396776399699
0.4999999999999999,1.0,0.0,0.0,0.0,0.0,0.0,1.0,0.09678933845954789
0.6666666666666666,0.0,0.0,0.0,1.0,1.0,0.0,0.0,0.2722537476201919
0.33333333333333337,1.0,0.0,0.0,0.0,1.0,0.0,0.0,0.19388920722352637
0.8333333333333334,0.0,0.0,0.0,0.0,1.0,1.0,1.0,0.2939169331435648
0.9999999999999999,1.0,0.0,0.0,0.0,1.0,0.0,1.0,0.28256409308515557
0.33333333333333337,0.0,0.0,1.0,0.0,1.0,1.0,0.0,0.15583445777342375
0.6666666666666666,0.0,1.0,0.0,1.0,1.0,0.0,0.0,0.5427441267259385
0.4999999999999999,0.0,0.0,0.0,0.0,1.0,1.0,0.0,0.08898541616605977
0.16666666666666663,0.0,0.0,0.0,1.0,1.0,0.0,0.0,0.11143601781852462
0.16666666666666663,1.0,0.0,0.0,0.0,0.0,0.0,0.0,0.07826103029518865
0.4999999999999999,1.0,0.0,0.0,0.0,1.0,0.0,0.0,0.2950888153638565
0.4999999999999999,1.0,0.0,1.0,0.0,0.0,0.0,0.0,0.23244302323432098
0.6666666666666666,0.0,0.0,0.0,1.0,1.0,0.0,1.0,0.16821130847858634
0.8333333333333334,0.0,0.0,0.0,1.0,0.0,0.0,0.0,0.18970444169239015
0.8333333333333334,1.0,0.0,0.0,0.0,1.0,0.0,0.0,0.38349383560377814
0.9999999999999999,1.0,0.0,0.0,0.0,0.0,0.0,1.0,0.16703942625829465
0.33333333333333337,1.0,0.0,0.0,0.0,1.0,0.0,1.0,0.28162141180384836
0.4999999999999999,0.0,0.0,0.0,1.0,1.0,0.0,0.0,0.23712685532614924
0.4999999999999999,0.0,0.0,0.0,1.0,0.0,0.0,1.0,0.15867359198536068
0.4999999999999999,0.0,0.0,1.0,1.0,1.0,0.0,0.0,0.304456479547513
0.4999999999999999,0.0,0.0,1.0,0.0,1.0,1.0,1.0,0.29098907598750484
0.8333333333333334,1.0,0.0,0.0,0.0,1.0,0.0,0.0,0.376469935860705
0.4999999999999999,0.0,0.0,0.0,0.0,1.0,1.0,0.0,0.08937357904659803
0.33333333333333337,0.0,0.0,0.0,1.0,0.0,0.0,0.0,0.10597955675495833
0.8333333333333334,1.0,0.0,1.0,0.0,0.0,0.0,0.0,0.16547938115746474
0.16666666666666663,1.0,1.0,0.0,0.0,1.0,0.0,1.0,0.49005009149553613
0.33333333333333337,0.0,1.0,1.0,1.0,0.0,0.0,0.0,0.18577475462560766
0.6666666666666666,0.0,0.0,0.0,1.0,1.0,0.0,1.0,0.31323635422635443
0.6666666666666666,1.0,0.0,1.0,0.0,1.0,0.0,0.0,0.24822092013086633
0.4999999999999999,0.0,0.0,0.0,0.0,1.0,1.0,0.0,0.19146041662815844
0.9999999999999999,0.0,0.0,1.0,0.0,0.0,1.0,0.0,0.11396092493669248
0.4999999999999999,0.0,1.0,0.0,1.0,1.0,0.0,0.0,0.48185430953217134
0.6666666666666666,0.0,0.0,0.0,1.0,1.0,0.0,0.0,0.2722537476201919
0.4999999999999999,0.0,1.0,0.0,1.0,1.0,0.0,0.0,0.47482671299975976
0.6666666666666666,0.0,0.0,1.0,0.0,0.0,1.0,0.0,0.1738932736917987
0.4999999999999999,0.0,0.0,0.0,1.0,0.0,0.0,0.0,0.09533650024953329
0.8333333333333334,0.0,0.0,0.0,1.0,1.0,0.0,0.0,0.3050405722629896
0.6666666666666666,1.0,1.0,1.0,0.0,1.0,0.0,1.0,0.890515886952182
0.4999999999999999,0.0,0.0,0.0,1.0,0.0,0.0,0.0,0.09240864309347334
0.16666666666666663,1.0,0.0,0.0,0.0,1.0,0.0,0.0,0.10147317055137613
0.16666666666666663,1.0,0.0,1.0,0.0,1.0,0.0,0.0,0.2740097225559601
0.4999999999999999,1.0,1.0,0.0,0.0,1.0,0.0,0.0,0.34227833126929263
0.6666666666666666,0.0,0.0,0.0,1.0,1.0,0.0,0.0,0.2710818653999002
0.16666666666666663,1.0,0.0,1.0,0.0,1.0,0.0,0.0,0.2675699155283636
0.4999999999999999,0.0,1.0,0.0,0.0,1.0,1.0,0.0,0.40808487828321105
0.8333333333333334,1.0,0.0,0.0,0.0,1.0,0.0,0.0,0.29536607456424097
0.6666666666666666,1.0,0.0,0.0,0.0,1.0,0.0,1.0,0.3846657178240698
0.8333333333333334,1.0,1.0,0.0,0.0,0.0,0.0,0.0,0.4894659987800595
0.8333333333333334,0.0,0.0,0.0,1.0,1.0,0.0,0.0,0.30914031163934125
0.6666666666666666,1.0,1.0,0.0,0.0,1.0,0.0,0.0,0.6522282397737565
0.9999999999999999,0.0,0.0,0.0,1.0,1.0,0.0,0.0,0.3448549934381989
0.6666666666666666,0.0,0.0,0.0,1.0,1.0,0.0,0.0,0.20364503428772113
0.4999999999999999,0.0,0.0,1.0,1.0,1.0,0.0,0.0,0.3067965471987579
0.8333333333333334,0.0,0.0,1.0,0.0,1.0,1.0,0.0,0.259263229884845
0.6666666666666666,0.0,1.0,1.0,0.0,1.0,1.0,1.0,0.6370048612779801
0.6666666666666666,1.0,0.0,0.0,0.0,1.0,0.0,1.0,0.38232195338348646
0.9999999999999999,0.0,0.0,1.0,1.0,1.0,0.0,1.0,0.38708711484076075
0.16666666666666663,0.0,0.0,1.0,1.0,1.0,0.0,0.0,0.22190347683037281
0.33333333333333337,1.0,0.0,0.0,0.0,1.0,0.0,1.0,0.28279329402414005
0.9999999999999999,0.0,0.0,0.0,1.0,1.0,0.0,1.0,0.22519361934160181
0.4999999999999999,1.0,0.0,0.0,0.0,1.0,0.0,0.0,0.2950888153638565
0.8333333333333334,1.0,0.0,0.0,0.0,0.0,0.0,0.0,0.23771094804162585
0.6666666666666666,1.0,1.0,0.0,0.0,0.0,0.0,1.0,0.4906378810003512
0.8333333333333334,1.0,0.0,0.0,0.0,0.0,0.0,1.0,0.2710818653999002
0.6666666666666666,1.0,0.0,0.0,0.0,0.0,0.0,0.0,0.20843607327036467
0.9999999999999999,1.0,1.0,0.0,0.0,1.0,0.0,0.0,0.4886342211789061
0.4999999999999999,0.0,0.0,0.0,1.0,1.0,0.0,0.0,0.23829873754644093
0.4999999999999999,1.0,0.0,0.0,0.0,1.0,0.0,0.0,0.22364836139812572
0.8333333333333334,1.0,0.0,0.0,0.0,1.0,0.0,1.0,0.34318034786787677
0.4999999999999999,0.0,0.0,0.0,1.0,0.0,0.0,1.0,0.15691761704959245
0.4999999999999999,0.0,1.0,0.0,1.0,1.0,0.0,0.0,0.2813922108648639
0.16666666666666663,0.0,0.0,0.0,1.0,0.0,0.0,0.0,0.014051496275484757
0.9999999999999999,1.0,1.0,1.0,0.0,0.0,0.0,1.0,0.6071200162658731
0.0,0.0,1.0,0.0,0.0,1.0,1.0,0.0,0.23653906582133416
0.6666666666666666,1.0,0.0,0.0,0.0,1.0,0.0,0.0,0.25975120607752167
0.33333333333333337,1.0,0.0,0.0,0.0,1.0,0.0,0.0,0.1899853976821131
0.4999999999999999,0.0,1.0,0.0,1.0,1.0,0.0,1.0,0.32081107558085803
0.8333333333333334,1.0,0.0,0.0,0.0,1.0,0.0,0.0,0.3788100035119499
0.8333333333333334,0.0,1.0,0.0,1.0,1.0,0.0,0.0,0.6100737509473023
0.6666666666666666,1.0,1.0,0.0,0.0,0.0,0.0,0.0,0.43267592096264396
0.6666666666666666,0.0,1.0,1.0,1.0,1.0,0.0,1.0,0.7576126134452228
0.8333333333333334,0.0,0.0,0.0,1.0,0.0,0.0,0.0,0.18970444169239015
0.9999999999999999,0.0,1.0,0.0,1.0,1.0,0.0,0.0,0.40316075488438297
0.4999999999999999,1.0,0.0,0.0,0.0,1.0,0.0,0.0,0.154943531542855
0.4999999999999999,1.0,0.0,1.0,0.0,0.0,0.0,1.0,0.2740097225559601
0.16666666666666663,1.0,0.0,0.0,0.0,0.0,0.0,1.0,0.13876638139775604
0.4999999999999999,1.0,0.0,0.0,0.0,0.0,0.0,0.0,0.07649396499140497
0.33333333333333337,1.0,0.0,1.0,0.0,1.0,0.0,1.0,0.36066246464945195
0.6666666666666666,0.0,0.0,0.0,0.0,0.0,1.0,0.0,0.12471488512227132
0.33333333333333337,1.0,0.0,1.0,0.0,0.0,0.0,1.0,0.23419899817008927
0.0,0.0,1.0,1.0,1.0,1.0,0.0,0.0,0.38115376795253325
0.6666666666666666,0.0,0.0,0.0,1.0,1.0,0.0,1.0,0.31206816879540117
0.9999999999999999,1.0,1.0,0.0,0.0,1.0,0.0,0.0,0.49370621615127264
0.4999999999999999,1.0,0.0,0.0,0.0,1.0,0.0,0.0,0.15337978965268662
0.9999999999999999,1.0,0.0,0.0,0.0,1.0,0.0,0.0,0.4174525424668676
0.6666666666666666,0.0,0.0,0.0,1.0,1.0,0.0,1.0,0.31089628657510954
0.8333333333333334,1.0,1.0,0.0,0.0,0.0,0.0,0.0,0.47951054509158797
0.8333333333333334,1.0,0.0,0.0,0.0,0.0,0.0,0.0,0.23478309088556587
0.6666666666666666,0.0,1.0,0.0,0.0,1.0,1.0,0.0,0.4660468383209183
0.8333333333333334,0.0,1.0,0.0,1.0,1.0,0.0,0.0,0.6100737509473023
0.0,1.0,0.0,0.0,0.0,0.0,0.0,0.0,0.08724422838764533
0.0,0.0,1.0,1.0,0.0,1.0,1.0,0.0,0.31382414373116946
0.0,1.0,1.0,0.0,0.0,1.0,0.0,0.0,0.27585072364651303
0.6666666666666666,0.0,0.0,0.0,1.0,0.0,0.0,0.0,0.16042956692112897
0.4999999999999999,0.0,0.0,0.0,1.0,1.0,0.0,0.0,0.23244302323432098
0.6666666666666666,0.0,0.0,0.0,1.0,1.0,0.0,0.0,0.14401582225836862
0.33333333333333337,0.0,1.0,0.0,0.0,0.0,1.0,0.0,0.21429178758248463
0.8333333333333334,1.0,0.0,0.0,0.0,1.0,0.0,0.0,0.3788100035119499
0.8333333333333334,1.0,0.0,0.0,0.0,1.0,0.0,1.0,0.42974806380658404
0.6666666666666666,1.0,0.0,0.0,0.0,1.0,0.0,0.0,0.33841148962126394
0.6666666666666666,1.0,1.0,0.0,0.0,0.0,0.0,0.0,0.4367719635496571
0.8333333333333334,0.0,0.0,0.0,1.0,1.0,0.0,0.0,0.23438383763701226
0.6666666666666666,0.0,0.0,0.0,1.0,1.0,0.0,0.0,0.2681577050331787
0.33333333333333337,0.0,0.0,1.0,1.0,0.0,0.0,0.0,0.1510619027374725
0.8333333333333334,0.0,0.0,0.0,0.0,1.0,1.0,1.0,0.2968447902996248
0.9999999999999999,0.0,1.0,1.0,1.0,1.0,0.0,0.0,0.8290382802535997
0.6666666666666666,1.0,0.0,0.0,0.0,1.0,0.0,0.0,0.26267906323358164
0.0,1.0,0.0,0.0,0.0,1.0,0.0,0.0,0.0706419474686235
0.6666666666666666,0.0,0.0,1.0,0.0,1.0,1.0,0.0,0.28981719376721315
0.4999999999999999,1.0,0.0,0.0,0.0,1.0,0.0,0.0,0.29040498327202824
0.33333333333333337,1.0,0.0,0.0,0.0,0.0,0.0,0.0,0.14637807064564423
0.33333333333333337,0.0,0.0,0.0,1.0,1.0,0.0,0.0,0.1943882737842184
0.4999999999999999,0.0,0.0,0.0,1.0,1.0,0.0,0.0,0.23419899817008927
0.33333333333333337,1.0,0.0,0.0,0.0,1.0,0.0,0.0,0.25586218369346225
0.4999999999999999,0.0,0.0,0.0,1.0,1.0,0.0,0.0,0.12020849891868914
0.4999999999999999,0.0,0.0,0.0,1.0,1.0,0.0,0.0,0.2306870482985527
0.4999999999999999,1.0,0.0,0.0,0.0,1.0,0.0,0.0,0.29274505092327313
0.6666666666666666,0.0,0.0,0.0,0.0,1.0,1.0,0.0,0.10888892996432599
0.6666666666666666,1.0,1.0,0.0,0.0,1.0,0.0,1.0,0.7230698138666568
0.0,1.0,0.0,0.0,0.0,1.0,0.0,0.0,0.06829818302804015
0.4999999999999999,1.0,0.0,0.0,0.0,1.0,0.0,0.0,0.2962606975841482
0.9999999999999999,0.0,0.0,1.0,0.0,1.0,1.0,1.0,0.3251289255281788
0.8333333333333334,0.0,1.0,0.0,1.0,1.0,0.0,0.0,0.48368791704404723
0.33333333333333337,0.0,1.0,0.0,1.0,0.0,0.0,0.0,0.13854827082678695
0.6666666666666666,0.0,0.0,0.0,1.0,1.0,0.0,0.0,0.2751816047762518
0.0,1.0,0.0,1.0,0.0,1.0,0.0,1.0,0.24707861222528232
0.6666666666666666,0.0,0.0,1.0,1.0,1.0,0.0,0.0,0.19162677214838914
0.16666666666666663,0.0,1.0,0.0,1.0,1.0,0.0,1.0,0.39813312138407797
0.33333333333333337,0.0,0.0,0.0,0.0,1.0,1.0,0.0,0.15515794532448568
0.6666666666666666,0.0,1.0,0.0,1.0,1.0,0.0,1.0,0.6159294652594222
0.8333333333333334,0.0,0.0,0.0,1.0,1.0,0.0,1.0,0.1943623962588492
0.6666666666666666,1.0,0.0,0.0,0.0,1.0,0.0,0.0,0.18772665939631428
0.8333333333333334,0.0,0.0,0.0,1.0,0.0,0.0,1.0,0.10810890741391103
0.4999999999999999,1.0,0.0,1.0,0.0,1.0,0.0,1.0,0.3314689192436369
0.4999999999999999,1.0,0.0,0.0,0.0,1.0,0.0,1.0,0.18226280475407108
0.6666666666666666,0.0,0.0,0.0,0.0,1.0,1.0,0.0,0.2213193841148962
0.16666666666666663,0.0,0.0,0.0,1.0,1.0,0.0,0.0,0.07181013289957673
0.8333333333333334,0.0,0.0,0.0,1.0,0.0,0.0,1.0,0.10654516552374264
0.6666666666666666,0.0,0.0,0.0,0.0,1.0,1.0,0.0,0.22717140163767768
0.4999999999999999,0.0,0.0,0.0,1.0,0.0,0.0,1.0,0.06556625570691856
0.4999999999999999,0.0,0.0,1.0,1.0,1.0,0.0,0.0,0.30914031163934125
0.16666666666666663,0.0,0.0,1.0,1.0,1.0,0.0,0.0,0.21487957708729966
0.6666666666666666,0.0,0.0,0.0,1.0,0.0,0.0,1.0,0.1402229163971091
0.8333333333333334,0.0,1.0,0.0,0.0,1.0,1.0,1.0,0.34266649414983086
0.4999999999999999,1.0,0.0,0.0,0.0,0.0,0.0,0.0,0.13095136873625257
0.33333333333333337,0.0,1.0,0.0,1.0,1.0,0.0,0.0,0.24392525091957634
0.6666666666666666,1.0,0.0,1.0,0.0,1.0,0.0,1.0,0.2837359753054472
0.4999999999999999,0.0,0.0,0.0,0.0,1.0,1.0,0.0,0.19146041662815844
0.8333333333333334,0.0,1.0,0.0,1.0,1.0,0.0,1.0,0.6809153250402026
0.4999999999999999,0.0,1.0,0.0,1.0,1.0,0.0,0.0,0.48009833459640305
0.4999999999999999,0.0,0.0,0.0,0.0,1.0,1.0,0.0,0.08664165172547643
0.6666666666666666,1.0,0.0,0.0,0.0,0.0,0.0,0.0,0.20375224117853646
0.4999999999999999,0.0,0.0,1.0,1.0,1.0,0.0,1.0,0.3495388255300272
0.8333333333333334,0.0,0.0,1.0,1.0,1.0,0.0,1.0,0.44906748488937354
0.6666666666666666,0.0,0.0,1.0,0.0,1.0,1.0,1.0,0.3337276575294357
0.9999999999999999,1.0,1.0,0.0,0.0,1.0,0.0,0.0,0.8044509343635053
0.8333333333333334,1.0,0.0,1.0,0.0,0.0,0.0,0.0,0.304456479547513
0.6666666666666666,1.0,0.0,0.0,0.0,1.0,0.0,0.0,0.3337276575294357
0.6666666666666666,1.0,1.0,1.0,0.0,1.0,0.0,1.0,0.9033955010073752
0.8333333333333334,1.0,0.0,0.0,0.0,1.0,0.0,1.0,0.34171641928984675
0.33333333333333337,0.0,0.0,0.0,1.0,1.0,0.0,0.0,0.1984843163712316
0.6666666666666666,0.0,0.0,0.0,0.0,1.0,1.0,0.0,0.2213193841148962
0.4999999999999999,1.0,0.0,0.0,0.0,1.0,0.0,0.0,0.2950888153638565
0.4999999999999999,1.0,0.0,0.0,0.0,1.0,0.0,1.0,0.3284597327221308
0.9999999999999999,0.0,1.0,0.0,0.0,1.0,1.0,0.0,0.5644073122493115
0.4999999999999999,1.0,0.0,0.0,0.0,1.0,0.0,0.0,0.2950888153638565
0.16666666666666663,1.0,0.0,0.0,0.0,1.0,0.0,0.0,0.10069314800096117
0.4999999999999999,1.0,1.0,0.0,0.0,1.0,0.0,0.0,0.3473503262416591
0.4999999999999999,1.0,1.0,0.0,0.0,0.0,0.0,1.0,0.42740429936600066
0.6666666666666666,1.0,1.0,0.0,0.0,1.0,0.0,0.0,0.6604240217371213
0.8333333333333334,0.0,1.0,0.0,0.0,1.0,1.0,1.0,0.573187186928153
0.8333333333333334,1.0,0.0,1.0,0.0,1.0,0.0,0.0,0.4765863847248665
0.8333333333333334,1.0,0.0,1.0,0.0,1.0,0.0,1.0,0.5386443873495869
0.8333333333333334,1.0,0.0,0.0,0.0,0.0,0.0,0.0,0.12176854401951905
0.6666666666666666,0.0,0.0,0.0,1.0,1.0,0.0,0.0,0.14089203526737026
0.4999999999999999,0.0,0.0,1.0,1.0,1.0,0.0,1.0,0.2695107299310549
0.8333333333333334,0.0,0.0,1.0,1.0,1.0,0.0,0.0,0.3975453318792629
0.4999999999999999,1.0,1.0,1.0,0.0,1.0,0.0,0.0,0.7137021496830003
0.6666666666666666,1.0,1.0,1.0,0.0,1.0,0.0,0.0,0.81557457348293
0.4999999999999999,1.0,0.0,0.0,0.0,1.0,0.0,1.0,0.33782739690578734
0.8333333333333334,1.0,1.0,1.0,0.0,1.0,0.0,1.0,0.6264024694552781
0.6666666666666666,1.0,0.0,0.0,0.0,1.0,0.0,0.0,0.33489953974972736
0.4999999999999999,1.0,0.0,1.0,0.0,0.0,0.0,1.0,0.26522984787711873
0.6666666666666666,1.0,0.0,1.0,0.0,0.0,0.0,0.0,0.14401582225836862
0.4999999999999999,0.0,0.0,1.0,1.0,1.0,0.0,0.0,0.3009445296759764
0.16666666666666663,0.0,0.0,1.0,0.0,1.0,1.0,0.0,0.17330918097632209
0.6666666666666666,1.0,1.0,0.0,0.0,1.0,0.0,0.0,0.658080257296538
0.4999999999999999,0.0,0.0,0.0,1.0,1.0,0.0,0.0,0.23946692297739414
0.6666666666666666,1.0,0.0,1.0,0.0,1.0,0.0,0.0,0.24938910556181954
0.4999999999999999,0.0,0.0,1.0,1.0,1.0,0.0,0.0,0.3021127151069296
0.33333333333333337,1.0,0.0,0.0,0.0,1.0,0.0,1.0,0.29040498327202824
0.33333333333333337,1.0,0.0,0.0,0.0,1.0,0.0,0.0,0.24532263728951403
0.6666666666666666,0.0,0.0,0.0,1.0,1.0,0.0,0.0,0.14284394003807693
0.6666666666666666,1.0,1.0,1.0,0.0,1.0,0.0,0.0,0.81557457348293
0.6666666666666666,0.0,0.0,0.0,1.0,0.0,0.0,0.0,0.16394151679266555
0.4999999999999999,0.0,0.0,0.0,1.0,1.0,0.0,0.0,0.2306870482985527
0.4999999999999999,1.0,0.0,0.0,0.0,1.0,0.0,1.0,0.18655477717602265
0.4999999999999999,0.0,0.0,0.0,0.0,1.0,1.0,0.0,0.18970444169239015
0.4999999999999999,1.0,0.0,0.0,0.0,1.0,0.0,1.0,0.18655477717602265
0.4999999999999999,1.0,0.0,0.0,0.0,1.0,0.0,0.0,0.22462431378347902
0.16666666666666663,0.0,1.0,1.0,1.0,0.0,0.0,0.0,0.1529916267721484
0.16666666666666663,1.0,0.0,0.0,0.0,1.0,0.0,0.0,0.20668009833459638
0.6666666666666666,1.0,0.0,0.0,0.0,1.0,0.0,1.0,0.3036616698397442
0.9999999999999999,0.0,0.0,0.0,0.0,1.0,1.0,0.0,0.28981719376721315
0.4999999999999999,1.0,0.0,0.0,0.0,1.0,0.0,0.0,0.2950888153638565
0.4999999999999999,0.0,1.0,0.0,0.0,1.0,1.0,0.0,0.40105728175079947
0.16666666666666663,0.0,0.0,0.0,0.0,1.0,1.0,0.0,0.08655662557069187
0.33333333333333337,1.0,0.0,1.0,0.0,1.0,0.0,0.0,0.3243599933457792
0.6666666666666666,0.0,0.0,1.0,1.0,1.0,0.0,0.0,0.19475055913938744
0.4999999999999999,0.0,0.0,0.0,0.0,1.0,1.0,0.0,0.1431470767638306
0.6666666666666666,1.0,0.0,0.0,0.0,1.0,0.0,1.0,0.3758821463558899
0.8333333333333334,1.0,0.0,0.0,0.0,1.0,0.0,0.0,0.38232195338348646
0.8333333333333334,1.0,0.0,1.0,0.0,1.0,0.0,0.0,0.4765863847248665
0.6666666666666666,0.0,0.0,0.0,1.0,1.0,0.0,1.0,0.31206816879540117
0.9999999999999999,0.0,1.0,0.0,0.0,1.0,1.0,0.0,0.45344078667677123
0.9999999999999999,1.0,1.0,0.0,0.0,1.0,0.0,0.0,0.6495665514500656
0.0,0.0,0.0,0.0,0.0,1.0,1.0,0.0,0.06264948891887397
0.8333333333333334,0.0,0.0,1.0,1.0,1.0,0.0,0.0,0.30902940795918743
0.6666666666666666,0.0,1.0,0.0,1.0,1.0,0.0,1.0,0.6124138185985472
0.4999999999999999,0.0,1.0,0.0,0.0,0.0,1.0,1.0,0.2980166725199164
0.8333333333333334,1.0,0.0,0.0,0.0,1.0,0.0,1.0,0.34318034786787677
0.8333333333333334,0.0,1.0,0.0,0.0,0.0,1.0,0.0,0.18187094508419438
0.6666666666666666,1.0,1.0,1.0,0.0,0.0,0.0,0.0,0.3274468124433929
0.6666666666666666,0.0,0.0,0.0,0.0,1.0,1.0,0.0,0.11122899761557088
0.4999999999999999,1.0,0.0,0.0,0.0,0.0,0.0,1.0,0.2031681484630598
0.6666666666666666,1.0,0.0,0.0,0.0,1.0,0.0,0.0,0.33489953974972736
0.8333333333333334,1.0,0.0,1.0,0.0,1.0,0.0,0.0,0.2798321657640339
0.8333333333333334,1.0,1.0,0.0,0.0,0.0,0.0,0.0,0.4906378810003512
0.4999999999999999,0.0,0.0,0.0,1.0,0.0,0.0,0.0,0.13174248165468294
0.4999999999999999,1.0,0.0,0.0,0.0,0.0,0.0,0.0,0.17506515591209032
0.0,0.0,0.0,1.0,1.0,1.0,0.0,1.0,0.20551191290364318
0.0,0.0,1.0,0.0,0.0,1.0,1.0,0.0,0.23478309088556587
0.4999999999999999,0.0,1.0,0.0,1.0,1.0,0.0,0.0,0.48829411655976784
0.4999999999999999,0.0,0.0,0.0,1.0,1.0,0.0,1.0,0.27166965490471523
0.9999999999999999,1.0,0.0,0.0,0.0,1.0,0.0,0.0,0.4186244246871592
0.16666666666666663,1.0,1.0,1.0,0.0,1.0,0.0,0.0,0.4251418642908634
0.16666666666666663,0.0,0.0,0.0,1.0,1.0,0.0,0.0,0.11289994639655461
0.0,0.0,1.0,1.0,1.0,1.0,0.0,1.0,0.41803663518234413
0.16666666666666663,1.0,0.0,0.0,0.0,1.0,0.0,0.0,0.20551191290364318
0.6666666666666666,0.0,0.0,0.0,0.0,1.0,1.0,0.0,0.1694940943790318
0.33333333333333337,1.0,1.0,0.0,0.0,1.0,0.0,0.0,0.5023456128352526
0.8333333333333334,1.0,0.0,0.0,0.0,1.0,0.0,1.0,0.42974806380658404
0.9999999999999999,0.0,0.0,1.0,0.0,1.0,1.0,1.0,0.4186244246871592
0.16666666666666663,1.0,1.0,0.0,0.0,1.0,0.0,0.0,0.43267592096264396
0.8333333333333334,1.0,0.0,0.0,0.0,0.0,0.0,0.0,0.23771094804162585
0.16666666666666663,1.0,0.0,0.0,0.0,0.0,0.0,0.0,0.11769098537919818
0.6666666666666666,1.0,1.0,0.0,0.0,1.0,0.0,1.0,0.7248257888024251
0.9999999999999999,1.0,1.0,0.0,0.0,1.0,0.0,0.0,0.6398107243858708
0.33333333333333337,0.0,0.0,0.0,0.0,1.0,1.0,0.0,0.11631577974529121
0.4999999999999999,0.0,0.0,0.0,1.0,1.0,0.0,0.0,0.23946692297739414
0.16666666666666663,0.0,0.0,0.0,1.0,1.0,0.0,0.0,0.16042956692112897
0.33333333333333337,0.0,1.0,0.0,1.0,0.0,0.0,1.0,0.3027005046117447
0.6666666666666666,1.0,1.0,0.0,0.0,0.0,0.0,1.0,0.29153989759893534
0.16666666666666663,0.0,1.0,0.0,1.0,1.0,0.0,0.0,0.1967024639100941
0.6666666666666666,0.0,1.0,0.0,1.0,0.0,0.0,0.0,0.27975453318792626
0.0,0.0,0.0,0.0,0.0,1.0,1.0,1.0,0.11476312822313821
0.33333333333333337,1.0,0.0,0.0,0.0,1.0,0.0,0.0,0.1319162307535905
0.6666666666666666,0.0,0.0,0.0,1.0,0.0,0.0,0.0,0.16335742407718895
0.0,0.0,0.0,0.0,0.0,1.0,1.0,0.0,0.09368403541524188
0.4999999999999999,1.0,0.0,1.0,0.0,0.0,0.0,0.0,0.23829873754644093
0.9999999999999999,1.0,1.0,0.0,0.0,1.0,0.0,0.0,0.8085469769505185
0.4999999999999999,1.0,0.0,0.0,0.0,1.0,0.0,0.0,0.2986007652353931
0.8333333333333334,1.0,0.0,0.0,0.0,0.0,0.0,1.0,0.2763534869965435
0.8333333333333334,1.0,0.0,0.0,0.0,1.0,0.0,1.0,0.33781260974843347
0.4999999999999999,1.0,0.0,0.0,0.0,1.0,0.0,0.0,0.2974288830151014
0.4999999999999999,0.0,1.0,1.0,1.0,1.0,0.0,0.0,0.3606217999667289
0.9999999999999999,0.0,0.0,0.0,1.0,1.0,0.0,0.0,0.3448549934381989
0.9999999999999999,0.0,0.0,0.0,1.0,0.0,0.0,1.0,0.2488345871610506
0.4999999999999999,0.0,0.0,0.0,1.0,1.0,0.0,0.0,0.11708471192769081
0.9999999999999999,0.0,0.0,1.0,1.0,1.0,0.0,1.0,0.4976617807434244
0.33333333333333337,1.0,0.0,1.0,0.0,1.0,0.0,0.0,0.31733609360270604
0.4999999999999999,1.0,1.0,0.0,0.0,1.0,0.0,0.0,0.463196613740966
0.6666666666666666,1.0,0.0,0.0,0.0,0.0,0.0,0.0,0.1543705291953938
0.16666666666666663,1.0,0.0,0.0,0.0,1.0,0.0,1.0,0.23537088039038095
0.6666666666666666,1.0,1.0,1.0,0.0,1.0,0.0,0.0,0.8062069092992736
0.6666666666666666,0.0,0.0,0.0,1.0,1.0,0.0,0.0,0.20364503428772113
0.16666666666666663,0.0,1.0,0.0,0.0,1.0,1.0,0.0,0.28981719376721315
0.4999999999999999,0.0,0.0,0.0,1.0,1.0,0.0,0.0,0.23946692297739414
0.4999999999999999,0.0,0.0,1.0,1.0,1.0,0.0,0.0,0.3056246649784662
0.8333333333333334,1.0,0.0,0.0,0.0,1.0,0.0,0.0,0.38115376795253325
0.16666666666666663,0.0,0.0,0.0,0.0,0.0,1.0,1.0,0.040206280845086054
0.8333333333333334,1.0,0.0,0.0,0.0,0.0,0.0,0.0,0.24005471248220922
0.8333333333333334,1.0,0.0,1.0,0.0,0.0,0.0,0.0,0.30738433670357296
0.6666666666666666,0.0,0.0,1.0,0.0,1.0,1.0,0.0,0.15533169442339329
0.33333333333333337,1.0,0.0,1.0,0.0,1.0,0.0,0.0,0.323191807914826
0.6666666666666666,0.0,0.0,0.0,1.0,1.0,0.0,0.0,0.2704977726844236
0.9999999999999999,1.0,0.0,0.0,0.0,0.0,0.0,0.0,0.13894013049666365
0.9999999999999999,1.0,1.0,0.0,0.0,0.0,0.0,1.0,0.4827119646586939
0.4999999999999999,1.0,0.0,0.0,0.0,0.0,0.0,1.0,0.10069314800096117
0.9999999999999999,1.0,0.0,0.0,0.0,0.0,0.0,0.0,0.2693258904641319
0.9999999999999999,0.0,0.0,0.0,1.0,1.0,0.0,0.0,0.3477791538049204
0.9999999999999999,0.0,1.0,1.0,1.0,0.0,0.0,1.0,0.382085358865825
0.6666666666666666,1.0,1.0,1.0,0.0,0.0,0.0,0.0,0.5409881517901702
0.8333333333333334,1.0,0.0,1.0,0.0,1.0,0.0,0.0,0.4777545701558197
0.4999999999999999,0.0,0.0,0.0,1.0,0.0,0.0,0.0,0.13174248165468294
0.4999999999999999,1.0,0.0,0.0,0.0,0.0,0.0,0.0,0.17916489528844198
0.8333333333333334,0.0,1.0,0.0,1.0,1.0,0.0,0.0,0.48807970277813717
0.8333333333333334,1.0,0.0,0.0,0.0,1.0,0.0,1.0,0.33878856213378683
0.6666666666666666,0.0,0.0,0.0,1.0,1.0,0.0,1.0,0.31323635422635443
0.6666666666666666,1.0,0.0,0.0,0.0,0.0,0.0,0.0,0.20668009833459638
0.33333333333333337,0.0,0.0,0.0,0.0,1.0,1.0,0.0,0.15925768470083734
0.4999999999999999,0.0,1.0,1.0,1.0,1.0,0.0,0.0,0.605389918855474
0.33333333333333337,1.0,0.0,0.0,0.0,1.0,0.0,0.0,0.1860815881406998
0.6666666666666666,0.0,0.0,0.0,1.0,1.0,0.0,0.0,0.2693258904641319
0.4999999999999999,0.0,1.0,0.0,1.0,0.0,0.0,1.0,0.27195061089443817
0.4999999999999999,0.0,0.0,0.0,1.0,1.0,0.0,0.0,0.23653906582133416
0.0,0.0,1.0,0.0,1.0,1.0,0.0,0.0,0.154943531542855
0.33333333333333337,0.0,0.0,0.0,1.0,0.0,0.0,0.0,0.10773553169072662
0.16666666666666663,0.0,1.0,0.0,1.0,1.0,0.0,0.0,0.3512948004657955
0.9999999999999999,0.0,0.0,1.0,1.0,0.0,0.0,0.0,0.2798654368680801
0.9999999999999999,0.0,0.0,1.0,0.0,1.0,1.0,0.0,0.28902608084878284
0.6666666666666666,0.0,0.0,0.0,1.0,1.0,0.0,0.0,0.2704977726844236
0.6666666666666666,1.0,0.0,0.0,0.0,1.0,0.0,0.0,0.25779930130681505
0.8333333333333334,0.0,0.0,0.0,1.0,1.0,0.0,0.0,0.30738433670357296
0.6666666666666666,1.0,0.0,0.0,0.0,1.0,0.0,0.0,0.3313875898781908
0.8333333333333334,1.0,1.0,0.0,0.0,1.0,0.0,0.0,0.5822406240180403
0.33333333333333337,1.0,0.0,0.0,0.0,0.0,0.0,0.0,0.14754995286593592
0.4999999999999999,1.0,1.0,0.0,0.0,1.0,0.0,0.0,0.353986063104194
0.0,1.0,0.0,0.0,0.0,1.0,0.0,1.0,0.1943882737842184
0.16666666666666663,0.0,0.0,0.0,1.0,1.0,0.0,0.0,0.16569749172843384
0.6666666666666666,1.0,0.0,1.0,0.0,1.0,0.0,0.0,0.4303321565220606
0.6666666666666666,1.0,1.0,0.0,0.0,1.0,0.0,0.0,0.39379678749006486
0.4999999999999999,1.0,0.0,0.0,0.0,0.0,0.0,1.0,0.2043400306833515
0.0,0.0,1.0,1.0,1.0,1.0,0.0,0.0,0.38115376795253325
0.6666666666666666,1.0,0.0,0.0,0.0,1.0,0.0,0.0,0.3313875898781908
0.4999999999999999,1.0,0.0,0.0,0.0,0.0,0.0,0.0,0.18033677750873367
0.8333333333333334,0.0,0.0,1.0,1.0,1.0,0.0,0.0,0.3940333820077263
0.0,0.0,0.0,0.0,1.0,1.0,0.0,1.0,0.14462209570987594
0.8333333333333334,1.0,0.0,0.0,0.0,1.0,0.0,0.0,0.376469935860705
0.33333333333333337,0.0,0.0,1.0,1.0,0.0,0.0,0.0,0.15515794532448568
0.9999999999999999,1.0,0.0,0.0,0.0,0.0,0.0,1.0,0.31030849707029445
0.6666666666666666,0.0,0.0,1.0,0.0,0.0,1.0,0.0,0.1779930130681503
0.0,0.0,0.0,0.0,0.0,0.0,1.0,0.0,0.03630986488234968
0.4999999999999999,1.0,0.0,0.0,0.0,0.0,0.0,1.0,0.2043400306833515
0.0,1.0,1.0,0.0,0.0,0.0,0.0,0.0,0.2254154267019094
0.4999999999999999,0.0,0.0,0.0,1.0,1.0,0.0,1.0,0.2704977726844236
0.33333333333333337,0.0,0.0,0.0,1.0,1.0,0.0,0.0,0.2025840557475832
0.0,1.0,1.0,0.0,0.0,0.0,0.0,0.0,0.1077170477440343
0.8333333333333334,0.0,0.0,0.0,1.0,0.0,0.0,0.0,0.18677658453633017
0.4999999999999999,1.0,0.0,0.0,0.0,1.0,0.0,0.0,0.29274505092327313
0.8333333333333334,0.0,1.0,0.0,1.0,1.0,0.0,0.0,0.48515184562207725
0.6666666666666666,0.0,0.0,1.0,1.0,1.0,0.0,0.0,0.3501229182455038
0.4999999999999999,0.0,1.0,0.0,1.0,0.0,0.0,0.0,0.16625940370787973
0.4999999999999999,1.0,0.0,0.0,0.0,1.0,0.0,1.0,0.183822849854901
0.6666666666666666,0.0,0.0,0.0,0.0,1.0,1.0,0.0,0.2254154267019094
0.9999999999999999,1.0,0.0,1.0,0.0,1.0,0.0,1.0,0.3594499177464372
0.6666666666666666,1.0,0.0,0.0,0.0,1.0,0.0,0.0,0.3313875898781908
0.8333333333333334,1.0,0.0,1.0,0.0,1.0,0.0,0.0,0.4724866453485148
0.4999999999999999,1.0,0.0,0.0,0.0,1.0,0.0,0.0,0.2986007652353931
0.0,1.0,0.0,0.0,0.0,1.0,0.0,1.0,0.1943882737842184
0.4999999999999999,0.0,1.0,0.0,1.0,1.0,0.0,0.0,0.47482671299975976
0.8333333333333334,1.0,0.0,0.0,0.0,1.0,0.0,0.0,0.2963420269495943
0.9999999999999999,0.0,0.0,0.0,1.0,1.0,0.0,1.0,0.3870057854753147
0.16666666666666663,1.0,0.0,1.0,0.0,1.0,0.0,0.0,0.2781094619323118
0.4999999999999999,1.0,1.0,0.0,0.0,1.0,0.0,0.0,0.5714312119923847
0.9999999999999999,1.0,0.0,0.0,0.0,1.0,0.0,0.0,0.42096449233840405
0.6666666666666666,0.0,0.0,1.0,1.0,0.0,0.0,0.0,0.21429178758248463
0.9999999999999999,0.0,1.0,0.0,1.0,1.0,0.0,0.0,0.6627640893883662
0.4999999999999999,1.0,0.0,0.0,0.0,0.0,0.0,0.0,0.18033677750873367
0.16666666666666663,1.0,1.0,1.0,0.0,1.0,0.0,1.0,0.48563982181475385
0.0,0.0,0.0,0.0,1.0,1.0,0.0,0.0,0.1264708600580396
0.6666666666666666,1.0,0.0,0.0,0.0,0.0,0.0,0.0,0.2049241233988281
0.6666666666666666,0.0,0.0,0.0,1.0,1.0,0.0,0.0,0.2734256298404835
0.6666666666666666,1.0,0.0,0.0,0.0,1.0,0.0,0.0,0.33255947209848247
0.6666666666666666,0.0,1.0,1.0,0.0,1.0,1.0,0.0,0.5685033548363246
0.8333333333333334,0.0,0.0,0.0,1.0,0.0,0.0,1.0,0.22014750189460452
0.16666666666666663,1.0,0.0,1.0,0.0,1.0,0.0,1.0,0.31323635422635443
0.6666666666666666,0.0,1.0,0.0,0.0,1.0,1.0,0.0,0.3704996210790928
0.8333333333333334,0.0,1.0,1.0,1.0,1.0,0.0,0.0,0.7576126134452228
0.16666666666666663,0.0,1.0,0.0,1.0,1.0,0.0,1.0,0.40164507125561455
0.0,1.0,1.0,0.0,0.0,1.0,0.0,1.0,0.3148814254819689
0.8333333333333334,1.0,0.0,0.0,0.0,0.0,0.0,0.0,0.2418106874179775
0.8333333333333334,1.0,0.0,0.0,0.0,1.0,0.0,1.0,0.4262324171457089
0.33333333333333337,0.0,0.0,0.0,0.0,1.0,1.0,1.0,0.18794476996728343
0.6666666666666666,1.0,1.0,0.0,0.0,1.0,0.0,0.0,0.39106486016894326
0.6666666666666666,0.0,0.0,0.0,1.0,1.0,0.0,0.0,0.14206391748766195
0.6666666666666666,0.0,1.0,0.0,0.0,1.0,1.0,0.0,0.2700763386998392
0.6666666666666666,0.0,0.0,0.0,1.0,0.0,0.0,0.0,0.06986192491820854
0.8333333333333334,1.0,0.0,0.0,0.0,1.0,0.0,1.0,0.43091624923753724
0.8333333333333334,0.0,0.0,0.0,1.0,1.0,0.0,0.0,0.30914031163934125
0.8333333333333334,0.0,0.0,1.0,1.0,1.0,0.0,0.0,0.39052143213618973
0.8333333333333334,0.0,0.0,0.0,0.0,0.0,1.0,0.0,0.1504741132326574
0.4999999999999999,1.0,0.0,0.0,0.0,1.0,0.0,0.0,0.227552170939539
0.6666666666666666,0.0,0.0,1.0,1.0,1.0,0.0,0.0,0.2704866823164082
0.4999999999999999,1.0,0.0,0.0,0.0,1.0,0.0,0.0,0.28923310105173655
0.16666666666666663,0.0,0.0,0.0,0.0,1.0,1.0,1.0,0.106556255891758
0.33333333333333337,1.0,1.0,0.0,0.0,0.0,0.0,0.0,0.3296316149424225
0.6666666666666666,1.0,0.0,0.0,0.0,1.0,0.0,0.0,0.18850668194672926
0.4999999999999999,1.0,0.0,0.0,0.0,1.0,0.0,0.0,0.15884364429492986
0.8333333333333334,1.0,0.0,0.0,0.0,1.0,0.0,0.0,0.3776381212916582
0.33333333333333337,0.0,1.0,1.0,1.0,1.0,0.0,0.0,0.5281048409456387
0.0,0.0,1.0,1.0,1.0,0.0,0.0,0.0,0.17290992772776842
0.4999999999999999,1.0,0.0,0.0,0.0,0.0,0.0,0.0,0.13095136873625257
0.4999999999999999,1.0,0.0,1.0,0.0,0.0,0.0,0.0,0.23829873754644093
0.4999999999999999,0.0,0.0,0.0,1.0,0.0,0.0,0.0,0.05229847877118722
0.33333333333333337,0.0,1.0,1.0,0.0,0.0,1.0,0.0,0.2839651762444317
0.6666666666666666,1.0,0.0,0.0,0.0,1.0,0.0,0.0,0.26463096800428826
0.6666666666666666,0.0,0.0,0.0,1.0,1.0,0.0,1.0,0.16743128592817136
0.4999999999999999,0.0,0.0,0.0,1.0,1.0,0.0,0.0,0.177789689654535
0.16666666666666663,0.0,1.0,1.0,1.0,1.0,0.0,1.0,0.2966155893606403
0.8333333333333334,0.0,0.0,0.0,1.0,1.0,0.0,0.0,0.31323635422635443
0.6666666666666666,0.0,0.0,0.0,0.0,1.0,1.0,1.0,0.19876527236095448
0.16666666666666663,0.0,0.0,0.0,1.0,0.0,0.0,0.0,0.08256039629581709
0.6666666666666666,1.0,0.0,0.0,0.0,1.0,0.0,0.0,0.33607142197001905
0.9999999999999999,1.0,0.0,1.0,0.0,1.0,0.0,0.0,0.3126152936174932
0.8333333333333334,1.0,1.0,1.0,0.0,1.0,0.0,0.0,0.887000240291307
0.4999999999999999,0.0,1.0,0.0,1.0,0.0,0.0,0.0,0.31323635422635443
0.4999999999999999,0.0,0.0,1.0,1.0,1.0,0.0,1.0,0.3518788931812721
0.6666666666666666,1.0,0.0,0.0,0.0,0.0,0.0,0.0,0.15485850538807044
0.9999999999999999,1.0,1.0,0.0,0.0,0.0,0.0,0.0,0.3196428901499048
0.0,0.0,1.0,0.0,1.0,1.0,0.0,1.0,0.34017116134637065
0.0,1.0,1.0,0.0,0.0,1.0,0.0,1.0,0.413940592595331
0.0,1.0,0.0,1.0,0.0,0.0,0.0,0.0,0.12178702796621137
0.16666666666666663,0.0,0.0,1.0,1.0,1.0,0.0,0.0,0.21604776251825292
0.6666666666666666,0.0,0.0,0.0,0.0,0.0,1.0,0.0,0.12764274227833128
0.0,1.0,0.0,0.0,0.0,0.0,0.0,0.0,0.05142603648731077
0.8333333333333334,0.0,0.0,0.0,0.0,1.0,1.0,0.0,0.19047337387478974
0.0,1.0,0.0,0.0,0.0,1.0,0.0,1.0,0.14071089258978575
0.9999999999999999,0.0,0.0,1.0,1.0,1.0,0.0,0.0,0.2529047522226946
0.4999999999999999,1.0,1.0,1.0,0.0,1.0,0.0,1.0,0.8044509343635053
0.9999999999999999,0.0,1.0,0.0,1.0,1.0,0.0,1.0,0.6056560876878431
0.8333333333333334,1.0,0.0,0.0,0.0,1.0,0.0,0.0,0.3776381212916582
0.8333333333333334,0.0,1.0,0.0,0.0,1.0,1.0,0.0,0.5134692519546774
0.0,0.0,0.0,0.0,1.0,1.0,0.0,1.0,0.06127428328496702
0.33333333333333337,1.0,0.0,0.0,0.0,1.0,0.0,1.0,0.28279329402414005
0.6666666666666666,0.0,1.0,0.0,1.0,1.0,0.0,0.0,0.32081107558085803
0.4999999999999999,0.0,0.0,0.0,1.0,1.0,0.0,0.0,0.23537088039038095
0.16666666666666663,0.0,0.0,0.0,1.0,1.0,0.0,0.0,0.07181013289957673
0.16666666666666663,0.0,1.0,1.0,0.0,0.0,1.0,0.0,0.11903661669839745
0.6666666666666666,0.0,0.0,0.0,1.0,1.0,0.0,0.0,0.2734256298404835
0.6666666666666666,0.0,1.0,0.0,1.0,1.0,0.0,0.0,0.3231548400214414
0.33333333333333337,0.0,1.0,0.0,1.0,1.0,0.0,0.0,0.23846139627733315
0.4999999999999999,0.0,1.0,0.0,1.0,1.0,0.0,1.0,0.42709376906157004
0.8333333333333334,0.0,0.0,1.0,0.0,1.0,1.0,0.0,0.1787508548825345
0.4999999999999999,0.0,0.0,0.0,1.0,1.0,0.0,0.0,0.2312711410140293
0.6666666666666666,1.0,0.0,0.0,0.0,1.0,0.0,0.0,0.25779930130681505
0.8333333333333334,0.0,0.0,0.0,0.0,1.0,1.0,0.0,0.1319162307535905
0.6666666666666666,1.0,0.0,1.0,0.0,0.0,0.0,0.0,0.20657289144378105
0.33333333333333337,1.0,0.0,0.0,0.0,1.0,0.0,0.0,0.2500064693813423
0.4999999999999999,0.0,0.0,0.0,0.0,1.0,1.0,0.0,0.08859355649618307
0.16666666666666663,1.0,0.0,0.0,0.0,1.0,0.0,0.0,0.2043400306833515
0.4999999999999999,0.0,1.0,0.0,1.0,0.0,0.0,0.0,0.31558011866693775
0.33333333333333337,1.0,0.0,0.0,0.0,1.0,0.0,0.0,0.25469030147317057
0.16666666666666663,0.0,0.0,0.0,0.0,0.0,1.0,0.0,0.05914123583667587
0.4999999999999999,0.0,1.0,0.0,0.0,0.0,1.0,0.0,0.2593741335649988
0.0,1.0,0.0,0.0,0.0,0.0,0.0,0.0,0.018731631577974542
0.4999999999999999,0.0,0.0,0.0,1.0,1.0,0.0,0.0,0.1182565941479825
0.6666666666666666,0.0,0.0,0.0,1.0,1.0,0.0,1.0,0.31558011866693775
0.6666666666666666,0.0,1.0,1.0,0.0,1.0,1.0,0.0,0.5737749764329679
0.6666666666666666,1.0,1.0,0.0,0.0,0.0,0.0,0.0,0.43443189589841225
0.0,0.0,0.0,1.0,1.0,1.0,0.0,0.0,0.16686937394872553
0.4999999999999999,1.0,0.0,0.0,0.0,1.0,0.0,1.0,0.2558473965361084
0.4999999999999999,0.0,0.0,0.0,1.0,0.0,0.0,1.0,0.11289994639655461
0.0,0.0,1.0,0.0,0.0,0.0,1.0,1.0,0.07181013289957673
0.8333333333333334,1.0,1.0,0.0,0.0,1.0,0.0,0.0,0.733609360270605
0.8333333333333334,0.0,0.0,0.0,0.0,1.0,1.0,0.0,0.2523465370325872
0.0,1.0,1.0,0.0,0.0,1.0,0.0,0.0,0.3559786325576237
0.16666666666666663,0.0,0.0,0.0,1.0,1.0,0.0,0.0,0.16452560950814216
0.8333333333333334,1.0,0.0,0.0,0.0,1.0,0.0,0.0,0.3752980536404133
0.8333333333333334,1.0,1.0,1.0,0.0,1.0,0.0,1.0,0.813981257278054
0.6666666666666666,0.0,0.0,0.0,0.0,1.0,1.0,1.0,0.19486515960887968
0.6666666666666666,0.0,1.0,0.0,0.0,1.0,1.0,1.0,0.5117132770189091
0.4999999999999999,0.0,0.0,0.0,1.0,1.0,0.0,0.0,0.12020849891868914
0.8333333333333334,1.0,0.0,0.0,0.0,1.0,0.0,1.0,0.42974806380658404
0.33333333333333337,0.0,0.0,0.0,1.0,1.0,0.0,0.0,0.0928855289181346
0.9999999999999999,0.0,0.0,0.0,0.0,1.0,1.0,0.0,0.1541598122031016
0.6666666666666666,0.0,0.0,0.0,0.0,1.0,1.0,1.0,0.19632908818690964
0.16666666666666663,0.0,0.0,0.0,1.0,1.0,0.0,0.0,0.06986192491820854
0.16666666666666663,0.0,0.0,0.0,0.0,1.0,1.0,0.0,0.12764274227833128
0.8333333333333334,1.0,0.0,0.0,0.0,1.0,0.0,0.0,0.21231400528640876
0.4999999999999999,0.0,0.0,0.0,0.0,1.0,1.0,0.0,0.1402229163971091
0.8333333333333334,0.0,0.0,0.0,0.0,1.0,1.0,0.0,0.1909613500674664
0.9999999999999999,0.0,0.0,0.0,0.0,1.0,1.0,0.0,0.28981719376721315
0.16666666666666663,0.0,1.0,0.0,1.0,1.0,0.0,0.0,0.27195061089443817
0.9999999999999999,1.0,0.0,0.0,0.0,0.0,0.0,0.0,0.2681577050331787
0.4999999999999999,0.0,1.0,0.0,0.0,1.0,1.0,0.0,0.23650949150662648
0.6666666666666666,0.0,0.0,0.0,0.0,1.0,1.0,0.0,0.11162085728544759
0.4999999999999999,1.0,0.0,0.0,0.0,1.0,0.0,0.0,0.154943531542855
0.8333333333333334,1.0,1.0,0.0,0.0,0.0,0.0,0.0,0.38123509731797933
0.8333333333333334,1.0,0.0,0.0,0.0,1.0,0.0,0.0,0.376469935860705
0.6666666666666666,1.0,0.0,0.0,0.0,1.0,0.0,1.0,0.30024583649100756
0.6666666666666666,1.0,0.0,0.0,0.0,1.0,0.0,0.0,0.33724330419031073
0.9999999999999999,1.0,0.0,0.0,0.0,1.0,0.0,0.0,0.42096449233840405
0.4999999999999999,0.0,1.0,0.0,1.0,1.0,0.0,0.0,0.483026191752463
0.4999999999999999,1.0,0.0,0.0,0.0,0.0,0.0,0.0,0.07766584721169666
0.6666666666666666,1.0,0.0,0.0,0.0,1.0,0.0,1.0,0.38349383560377814
0.33333333333333337,0.0,0.0,0.0,1.0,1.0,0.0,1.0,0.23244302323432098
0.33333333333333337,0.0,1.0,0.0,1.0,1.0,0.0,1.0,0.4777545701558197
0.4999999999999999,0.0,1.0,0.0,0.0,1.0,1.0,0.0,0.4039851389068594
0.6666666666666666,0.0,0.0,1.0,0.0,1.0,1.0,0.0,0.2939169331435648
0.6666666666666666,0.0,1.0,0.0,1.0,0.0,0.0,1.0,0.3987172140995545
0.8333333333333334,1.0,0.0,0.0,0.0,1.0,0.0,0.0,0.3846657178240698
0.6666666666666666,0.0,0.0,0.0,0.0,1.0,1.0,0.0,0.16851814199367848
0.9999999999999999,0.0,0.0,0.0,1.0,1.0,0.0,0.0,0.34192713628213894
0.4999999999999999,1.0,0.0,0.0,0.0,1.0,0.0,0.0,0.15337978965268662
0.33333333333333337,0.0,1.0,1.0,1.0,1.0,0.0,0.0,0.410506275299902
0.33333333333333337,0.0,0.0,0.0,0.0,1.0,1.0,0.0,0.16276963457237387
0.6666666666666666,1.0,0.0,1.0,0.0,1.0,0.0,0.0,0.4221363745586958
0.6666666666666666,1.0,0.0,1.0,0.0,1.0,0.0,0.0,0.24275706548862314
0.6666666666666666,0.0,0.0,0.0,1.0,1.0,0.0,0.0,0.2710818653999002
0.8333333333333334,1.0,0.0,0.0,0.0,1.0,0.0,0.0,0.38349383560377814
0.16666666666666663,1.0,0.0,0.0,0.0,1.0,0.0,1.0,0.2441507550692224
0.0,0.0,0.0,0.0,1.0,0.0,0.0,0.0,0.02947450139553799
0.4999999999999999,0.0,0.0,1.0,0.0,0.0,1.0,1.0,0.17330918097632209
0.6666666666666666,1.0,0.0,0.0,0.0,1.0,0.0,0.0,0.33841148962126394
0.16666666666666663,0.0,0.0,0.0,1.0,1.0,0.0,1.0,0.18384872738027025
0.8333333333333334,1.0,1.0,0.0,0.0,1.0,0.0,0.0,0.4410195744995471
0.4999999999999999,1.0,0.0,1.0,0.0,0.0,0.0,1.0,0.2693258904641319
0.33333333333333337,0.0,0.0,0.0,1.0,1.0,0.0,0.0,0.1973124341509399
0.33333333333333337,1.0,1.0,0.0,0.0,1.0,0.0,1.0,0.5766991367996894
0.6666666666666666,0.0,1.0,0.0,1.0,1.0,0.0,0.0,0.5474279588177667
0.8333333333333334,1.0,0.0,0.0,0.0,1.0,0.0,0.0,0.38115376795253325
0.6666666666666666,0.0,0.0,1.0,1.0,1.0,0.0,0.0,0.34426720393338384
0.6666666666666666,0.0,0.0,0.0,1.0,1.0,0.0,1.0,0.31030849707029445
0.8333333333333334,0.0,0.0,1.0,1.0,1.0,0.0,0.0,0.22011792757989684
0.6666666666666666,0.0,0.0,1.0,1.0,1.0,0.0,0.0,0.2763386998391897
0.6666666666666666,1.0,0.0,0.0,0.0,1.0,0.0,0.0,0.34192713628213894
0.4999999999999999,0.0,0.0,0.0,1.0,1.0,0.0,0.0,0.23419899817008927
0.9999999999999999,0.0,0.0,0.0,0.0,0.0,1.0,0.0,0.1697972311047855
0.6666666666666666,0.0,0.0,0.0,1.0,1.0,0.0,0.0,0.2751816047762518
0.0,0.0,1.0,0.0,1.0,0.0,0.0,1.0,0.2031681484630598
0.8333333333333334,0.0,1.0,0.0,1.0,1.0,0.0,0.0,0.6100737509473023
0.4999999999999999,1.0,1.0,0.0,0.0,0.0,0.0,1.0,0.24626901536015972
0.33333333333333337,1.0,0.0,0.0,0.0,1.0,0.0,1.0,0.21633241529731428
